[     745ms] [INFO] %cDownload the React DevTools for a better development experience: https://react.dev/link/react-devtools font-weight:bold @ webpack-internal:///(app-pages-browser)/./node_modules/next/dist/compiled/react-dom/cjs/react-dom-client.development.js:25630
[   23119ms] [VERBOSE] [DOM] Input elements should have autocomplete attributes (suggested: "current-password"): (More info: https://goo.gl/9p2vKq) %o @ http://localhost:4028/sign-up-login-screen:0
[   60599ms] [ERROR] Failed to load resource: the server responded with a status of 400 () @ https://ixqrijxdedtbxondzytn.supabase.co/auth/v1/token?grant_type=password:0
[   60602ms] [ERROR] Operation: AUTH CALL auth @ webpack-internal:///(app-pages-browser)/./node_modules/next/dist/next-devtools/userspace/app/errors/intercept-console-error.js:56
[   60602ms] [ERROR] Payload: {email: forriskywebsitesprotech@gmail.com, password: vstar@2k8, gotrue_meta_security: Object} @ webpack-internal:///(app-pages-browser)/./node_modules/next/dist/next-devtools/userspace/app/errors/intercept-console-error.js:56
[   60602ms] [ERROR] Error: <HTTP 400> @ webpack-internal:///(app-pages-browser)/./node_modules/next/dist/next-devtools/userspace/app/errors/intercept-console-error.js:56
[   60602ms] [ERROR] HTTP Status: 400 @ webpack-internal:///(app-pages-browser)/./node_modules/next/dist/next-devtools/userspace/app/errors/intercept-console-error.js:56
[   60603ms] [ERROR] Supabase Error: <HTTP 400> @ webpack-internal:///(app-pages-browser)/./node_modules/next/dist/next-devtools/userspace/app/errors/intercept-console-error.js:56
[   60603ms] [ERROR] Suggested Root Cause: Check payload structure, RLS policies, or authentication session state. @ webpack-internal:///(app-pages-browser)/./node_modules/next/dist/next-devtools/userspace/app/errors/intercept-console-error.js:56
[   94028ms] [VERBOSE] [DOM] Input elements should have autocomplete attributes (suggested: "new-password"): (More info: https://goo.gl/9p2vKq) %o @ http://localhost:4028/sign-up-login-screen:0
[   94029ms] [VERBOSE] [DOM] Input elements should have autocomplete attributes (suggested: "new-password"): (More info: https://goo.gl/9p2vKq) %o @ http://localhost:4028/sign-up-login-screen:0
[  299491ms] [VERBOSE] [DOM] Input elements should have autocomplete attributes (suggested: "current-password"): (More info: https://goo.gl/9p2vKq) %o @ http://localhost:4028/sign-up-login-screen:0
[  327348ms] [ERROR] Failed to load resource: the server responded with a status of 400 () @ https://ixqrijxdedtbxondzytn.supabase.co/auth/v1/token?grant_type=password:0
[  327349ms] [ERROR] Operation: AUTH CALL auth @ webpack-internal:///(app-pages-browser)/./node_modules/next/dist/next-devtools/userspace/app/errors/intercept-console-error.js:56
[  327349ms] [ERROR] Payload: {email: forriskywebsitesprotech@gmail.com, password: vstar@2k8, gotrue_meta_security: Object} @ webpack-internal:///(app-pages-browser)/./node_modules/next/dist/next-devtools/userspace/app/errors/intercept-console-error.js:56
[  327350ms] [ERROR] Error: <HTTP 400> @ webpack-internal:///(app-pages-browser)/./node_modules/next/dist/next-devtools/userspace/app/errors/intercept-console-error.js:56
[  327350ms] [ERROR] HTTP Status: 400 @ webpack-internal:///(app-pages-browser)/./node_modules/next/dist/next-devtools/userspace/app/errors/intercept-console-error.js:56
[  327350ms] [ERROR] Supabase Error: <HTTP 400> @ webpack-internal:///(app-pages-browser)/./node_modules/next/dist/next-devtools/userspace/app/errors/intercept-console-error.js:56
[  327350ms] [ERROR] Suggested Root Cause: Check payload structure, RLS policies, or authentication session state. @ webpack-internal:///(app-pages-browser)/./node_modules/next/dist/next-devtools/userspace/app/errors/intercept-console-error.js:56
[  351764ms] [ERROR] Failed to load resource: the server responded with a status of 400 () @ https://ixqrijxdedtbxondzytn.supabase.co/auth/v1/token?grant_type=password:0
[  351764ms] [ERROR] Operation: AUTH CALL auth @ webpack-internal:///(app-pages-browser)/./node_modules/next/dist/next-devtools/userspace/app/errors/intercept-console-error.js:56
[  351765ms] [ERROR] Payload: {email: forriskywebsitesprotech@gmail.com, password: vstar@2k8, gotrue_meta_security: Object} @ webpack-internal:///(app-pages-browser)/./node_modules/next/dist/next-devtools/userspace/app/errors/intercept-console-error.js:56
[  351765ms] [ERROR] Error: <HTTP 400> @ webpack-internal:///(app-pages-browser)/./node_modules/next/dist/next-devtools/userspace/app/errors/intercept-console-error.js:56
[  351765ms] [ERROR] HTTP Status: 400 @ webpack-internal:///(app-pages-browser)/./node_modules/next/dist/next-devtools/userspace/app/errors/intercept-console-error.js:56
[  351765ms] [ERROR] Supabase Error: <HTTP 400> @ webpack-internal:///(app-pages-browser)/./node_modules/next/dist/next-devtools/userspace/app/errors/intercept-console-error.js:56
[  351765ms] [ERROR] Suggested Root Cause: Check payload structure, RLS policies, or authentication session state. @ webpack-internal:///(app-pages-browser)/./node_modules/next/dist/next-devtools/userspace/app/errors/intercept-console-error.js:56
[  361491ms] [ERROR] Failed to load resource: the server responded with a status of 400 () @ https://ixqrijxdedtbxondzytn.supabase.co/auth/v1/token?grant_type=password:0
[  361492ms] [ERROR] Operation: AUTH CALL auth @ webpack-internal:///(app-pages-browser)/./node_modules/next/dist/next-devtools/userspace/app/errors/intercept-console-error.js:56
[  361492ms] [ERROR] Payload: {email: forriskywebsitesprotech@gmail.com, password: vamsi@2k8, gotrue_meta_security: Object} @ webpack-internal:///(app-pages-browser)/./node_modules/next/dist/next-devtools/userspace/app/errors/intercept-console-error.js:56
[  361493ms] [ERROR] Error: <HTTP 400> @ webpack-internal:///(app-pages-browser)/./node_modules/next/dist/next-devtools/userspace/app/errors/intercept-console-error.js:56
[  361493ms] [ERROR] HTTP Status: 400 @ webpack-internal:///(app-pages-browser)/./node_modules/next/dist/next-devtools/userspace/app/errors/intercept-console-error.js:56
[  361493ms] [ERROR] Supabase Error: <HTTP 400> @ webpack-internal:///(app-pages-browser)/./node_modules/next/dist/next-devtools/userspace/app/errors/intercept-console-error.js:56
[  361493ms] [ERROR] Suggested Root Cause: Check payload structure, RLS policies, or authentication session state. @ webpack-internal:///(app-pages-browser)/./node_modules/next/dist/next-devtools/userspace/app/errors/intercept-console-error.js:56
[  369198ms] [ERROR] Failed to load resource: the server responded with a status of 400 () @ https://ixqrijxdedtbxondzytn.supabase.co/auth/v1/token?grant_type=password:0
[  369199ms] [ERROR] Operation: AUTH CALL auth @ webpack-internal:///(app-pages-browser)/./node_modules/next/dist/next-devtools/userspace/app/errors/intercept-console-error.js:56
[  369199ms] [ERROR] Payload: {email: forriskywebsitesprotech@gmail.com, password: 123, gotrue_meta_security: Object} @ webpack-internal:///(app-pages-browser)/./node_modules/next/dist/next-devtools/userspace/app/errors/intercept-console-error.js:56
[  369199ms] [ERROR] Error: <HTTP 400> @ webpack-internal:///(app-pages-browser)/./node_modules/next/dist/next-devtools/userspace/app/errors/intercept-console-error.js:56
[  369199ms] [ERROR] HTTP Status: 400 @ webpack-internal:///(app-pages-browser)/./node_modules/next/dist/next-devtools/userspace/app/errors/intercept-console-error.js:56
[  369199ms] [ERROR] Supabase Error: <HTTP 400> @ webpack-internal:///(app-pages-browser)/./node_modules/next/dist/next-devtools/userspace/app/errors/intercept-console-error.js:56
[  369199ms] [ERROR] Suggested Root Cause: Check payload structure, RLS policies, or authentication session state. @ webpack-internal:///(app-pages-browser)/./node_modules/next/dist/next-devtools/userspace/app/errors/intercept-console-error.js:56
[  372369ms] [ERROR] Failed to load resource: the server responded with a status of 400 () @ https://ixqrijxdedtbxondzytn.supabase.co/auth/v1/token?grant_type=password:0
[  372370ms] [ERROR] Operation: AUTH CALL auth @ webpack-internal:///(app-pages-browser)/./node_modules/next/dist/next-devtools/userspace/app/errors/intercept-console-error.js:56
[  372371ms] [ERROR] Payload: {email: forriskywebsitesprotech@gmail.com, password: 123456, gotrue_meta_security: Object} @ webpack-internal:///(app-pages-browser)/./node_modules/next/dist/next-devtools/userspace/app/errors/intercept-console-error.js:56
[  372371ms] [ERROR] Error: <HTTP 400> @ webpack-internal:///(app-pages-browser)/./node_modules/next/dist/next-devtools/userspace/app/errors/intercept-console-error.js:56
[  372371ms] [ERROR] HTTP Status: 400 @ webpack-internal:///(app-pages-browser)/./node_modules/next/dist/next-devtools/userspace/app/errors/intercept-console-error.js:56
[  372371ms] [ERROR] Supabase Error: <HTTP 400> @ webpack-internal:///(app-pages-browser)/./node_modules/next/dist/next-devtools/userspace/app/errors/intercept-console-error.js:56
[  372371ms] [ERROR] Suggested Root Cause: Check payload structure, RLS policies, or authentication session state. @ webpack-internal:///(app-pages-browser)/./node_modules/next/dist/next-devtools/userspace/app/errors/intercept-console-error.js:56
[  375615ms] [VERBOSE] [DOM] Password field is not contained in a form: (More info: https://goo.gl/9p2vKq) %o @ https://accounts.google.com/v3/signin/identifier?opparams=%253Fredirect_to%253Dhttp%25253A%25252F%25252Flocalhost%25253A4028%25252Fauth%25252Fcallback&dsh=S-518255794%3A1786195068723322&client_id=461713461841-4m9o2n51oee24jsce6rg2ral7dgkdm35.apps.googleusercontent.com&o2v=2&redirect_uri=https%3A%2F%2Fixqrijxdedtbxondzytn.supabase.co%2Fauth%2Fv1%2Fcallback&response_type=code&scope=email+profile&service=lso&state=889bdfc2-66d8-49f3-ab8d-84a26c36dc15&flowName=GeneralOAuthFlow&continue=https%3A%2F%2Faccounts.google.com%2Fsignin%2Foauth%2Fconsent%3Fauthuser%3Dunknown%26part%3DAJi8hANCbNG3v2zohvUdCwtQyvbEItyiOT-gq2TX61sDkK0HDxWHM0Wppl9lqoe7vZ2nInpjHIyckMtJmIzVhYAKFbkoAJQ-rq53fCUVdKCmuyDjlsxJD4BEWOzs2Fd9PQ4654HJ7bwQkdW1n9lapEhhFTZYlVf4DxjBBLUkHR74U1Fo34C1hFfVcS4OAnwhsQLzizwT0S00YzRVCbgwsWEoxPbmJivbb8QoZdvmu4V7WTphz6MxbkKCDHSxdxp14zEhPq7wAvtGRCCeWo0Q272mjY-2_sOuG2V_Ost9V2vjgMOvtGTUe1dEIj8ewOjs3o1DD2KWPZNhEeVGeptLjMYxcyiywz1ap1XxKDbMm5IUeQjDZMulf7Rl2hMezLf3x9t489unvZ9NfqconAm8VyBs_9QUfG6JDgjI-DeAiU7p9Ged_jcLtG8Wo7gu1tG3FzjrRHZVEMSuTk-lbjaS9yNkLJkovAw25ajfSJvCZ78rRoy8aIy_DhQ%26flowName%3DGeneralOAuthFlow%26as%3DS-518255794%253A1786195068723322%26client_id%3D461713461841-4m9o2n51oee24jsce6rg2ral7dgkdm35.apps.googleusercontent.com%26requestPath%3D%252Fsignin%252Foauth%252Fconsent%23&app_domain=https%3A%2F%2Fixqrijxdedtbxondzytn.supabase.co&rart=ANgoxcfZ2Ewyt9-xNUnBDZkHEND3e0a9Xgx8h3VCEnFDt1lMjU9XN4ovYDkHDH_TMLvK3j7hEMldRdD2g2HdHEdCp5fxf4QwjSL-MNF-nSQShAKYlrnAqys:0
[  375628ms] [LOG] %c%s color: red; background: yellow; font-size: 24px; WARNING! @ https://www.gstatic.com/_/mss/boq-identity/_/js/k=boq-identity.AccountsSignInUi.en_US.mJCPg6S4vao.es5.O/am=EQEAAADfgB8JAPL__zcSgAEE2wHvWQBNgJABAAAAAAAAAAAWAACgEUA/d=1/excm=_b,_tp,identifierview/ed=1/dg=0/wt=2/ujg=1/rs=AOaEmlHqhxrTica1nHjxyKoj4Gdrk5UvoA/dti=1/m=_b,_tp:553
[  375628ms] [LOG] %c%s font-size: 18px; Using this console may allow attackers to impersonate you and steal your information using an attack called Self-XSS.
Do not enter or paste code that you do not understand. @ https://www.gstatic.com/_/mss/boq-identity/_/js/k=boq-identity.AccountsSignInUi.en_US.mJCPg6S4vao.es5.O/am=EQEAAADfgB8JAPL__zcSgAEE2wHvWQBNgJABAAAAAAAAAAAWAACgEUA/d=1/excm=_b,_tp,identifierview/ed=1/dg=0/wt=2/ujg=1/rs=AOaEmlHqhxrTica1nHjxyKoj4Gdrk5UvoA/dti=1/m=_b,_tp:553
[  385370ms] [INFO] %cDownload the React DevTools for a better development experience: https://react.dev/link/react-devtools font-weight:bold @ webpack-internal:///(app-pages-browser)/./node_modules/next/dist/compiled/react-dom/cjs/react-dom-client.development.js:25630
[  389051ms] [VERBOSE] [DOM] Input elements should have autocomplete attributes (suggested: "current-password"): (More info: https://goo.gl/9p2vKq) %o @ http://localhost:4028/sign-up-login-screen:0
[  397030ms] [ERROR] Failed to load resource: the server responded with a status of 400 () @ https://ixqrijxdedtbxondzytn.supabase.co/auth/v1/token?grant_type=password:0
[  397033ms] [ERROR] Operation: AUTH CALL auth @ webpack-internal:///(app-pages-browser)/./node_modules/next/dist/next-devtools/userspace/app/errors/intercept-console-error.js:56
[  397033ms] [ERROR] Payload: {email: forriskywebsitesprotech@gmail.com, password: vstar@2k8, gotrue_meta_security: Object} @ webpack-internal:///(app-pages-browser)/./node_modules/next/dist/next-devtools/userspace/app/errors/intercept-console-error.js:56
[  397033ms] [ERROR] Error: <HTTP 400> @ webpack-internal:///(app-pages-browser)/./node_modules/next/dist/next-devtools/userspace/app/errors/intercept-console-error.js:56
[  397033ms] [ERROR] HTTP Status: 400 @ webpack-internal:///(app-pages-browser)/./node_modules/next/dist/next-devtools/userspace/app/errors/intercept-console-error.js:56
[  397033ms] [ERROR] Supabase Error: <HTTP 400> @ webpack-internal:///(app-pages-browser)/./node_modules/next/dist/next-devtools/userspace/app/errors/intercept-console-error.js:56
[  397033ms] [ERROR] Suggested Root Cause: Check payload structure, RLS policies, or authentication session state. @ webpack-internal:///(app-pages-browser)/./node_modules/next/dist/next-devtools/userspace/app/errors/intercept-console-error.js:56
[  400993ms] [VERBOSE] [DOM] Input elements should have autocomplete attributes (suggested: "new-password"): (More info: https://goo.gl/9p2vKq) %o @ http://localhost:4028/sign-up-login-screen:0
[  400993ms] [VERBOSE] [DOM] Input elements should have autocomplete attributes (suggested: "new-password"): (More info: https://goo.gl/9p2vKq) %o @ http://localhost:4028/sign-up-login-screen:0
[  423397ms] [ERROR] Failed to load resource: the server responded with a status of 429 () @ https://ixqrijxdedtbxondzytn.supabase.co/auth/v1/signup:0
[  423398ms] [ERROR] Operation: AUTH CALL auth @ webpack-internal:///(app-pages-browser)/./node_modules/next/dist/next-devtools/userspace/app/errors/intercept-console-error.js:56
[  423398ms] [ERROR] Payload: {email: test.auditor@workoutos.local, password: 123456, data: Object, gotrue_meta_security: Object, code_challenge: null} @ webpack-internal:///(app-pages-browser)/./node_modules/next/dist/next-devtools/userspace/app/errors/intercept-console-error.js:56
[  423398ms] [ERROR] Error: <HTTP 429> @ webpack-internal:///(app-pages-browser)/./node_modules/next/dist/next-devtools/userspace/app/errors/intercept-console-error.js:56
[  423398ms] [ERROR] HTTP Status: 429 @ webpack-internal:///(app-pages-browser)/./node_modules/next/dist/next-devtools/userspace/app/errors/intercept-console-error.js:56
[  423398ms] [ERROR] Supabase Error: <HTTP 429> @ webpack-internal:///(app-pages-browser)/./node_modules/next/dist/next-devtools/userspace/app/errors/intercept-console-error.js:56
[  423398ms] [ERROR] Suggested Root Cause: Check payload structure, RLS policies, or authentication session state. @ webpack-internal:///(app-pages-browser)/./node_modules/next/dist/next-devtools/userspace/app/errors/intercept-console-error.js:56
[  648565ms] [VERBOSE] [DOM] Input elements should have autocomplete attributes (suggested: "current-password"): (More info: https://goo.gl/9p2vKq) %o @ http://localhost:4028/sign-up-login-screen:0
[  657045ms] [ERROR] Failed to load resource: the server responded with a status of 400 () @ https://ixqrijxdedtbxondzytn.supabase.co/auth/v1/token?grant_type=password:0
[  657045ms] [ERROR] Operation: AUTH CALL auth @ webpack-internal:///(app-pages-browser)/./node_modules/next/dist/next-devtools/userspace/app/errors/intercept-console-error.js:56
[  657046ms] [ERROR] Payload: {email: demo@workoutos.com, password: workoutos@123, gotrue_meta_security: Object} @ webpack-internal:///(app-pages-browser)/./node_modules/next/dist/next-devtools/userspace/app/errors/intercept-console-error.js:56
[  657046ms] [ERROR] Error: <HTTP 400> @ webpack-internal:///(app-pages-browser)/./node_modules/next/dist/next-devtools/userspace/app/errors/intercept-console-error.js:56
[  657046ms] [ERROR] HTTP Status: 400 @ webpack-internal:///(app-pages-browser)/./node_modules/next/dist/next-devtools/userspace/app/errors/intercept-console-error.js:56
[  657046ms] [ERROR] Supabase Error: <HTTP 400> @ webpack-internal:///(app-pages-browser)/./node_modules/next/dist/next-devtools/userspace/app/errors/intercept-console-error.js:56
[  657046ms] [ERROR] Suggested Root Cause: Check payload structure, RLS policies, or authentication session state. @ webpack-internal:///(app-pages-browser)/./node_modules/next/dist/next-devtools/userspace/app/errors/intercept-console-error.js:56
[  769266ms] [ERROR] Failed to load resource: the server responded with a status of 400 () @ https://ixqrijxdedtbxondzytn.supabase.co/auth/v1/token?grant_type=password:0
[  769267ms] [ERROR] Operation: AUTH CALL auth @ webpack-internal:///(app-pages-browser)/./node_modules/next/dist/next-devtools/userspace/app/errors/intercept-console-error.js:56
[  769267ms] [ERROR] Payload: {email: srivrind@gmail.com, password: vstar@2k8, gotrue_meta_security: Object} @ webpack-internal:///(app-pages-browser)/./node_modules/next/dist/next-devtools/userspace/app/errors/intercept-console-error.js:56
[  769267ms] [ERROR] Error: <HTTP 400> @ webpack-internal:///(app-pages-browser)/./node_modules/next/dist/next-devtools/userspace/app/errors/intercept-console-error.js:56
[  769267ms] [ERROR] HTTP Status: 400 @ webpack-internal:///(app-pages-browser)/./node_modules/next/dist/next-devtools/userspace/app/errors/intercept-console-error.js:56
[  769267ms] [ERROR] Supabase Error: <HTTP 400> @ webpack-internal:///(app-pages-browser)/./node_modules/next/dist/next-devtools/userspace/app/errors/intercept-console-error.js:56
[  769267ms] [ERROR] Suggested Root Cause: Check payload structure, RLS policies, or authentication session state. @ webpack-internal:///(app-pages-browser)/./node_modules/next/dist/next-devtools/userspace/app/errors/intercept-console-error.js:56
[  773326ms] [ERROR] Failed to load resource: the server responded with a status of 400 () @ https://ixqrijxdedtbxondzytn.supabase.co/auth/v1/token?grant_type=password:0
[  773327ms] [ERROR] Operation: AUTH CALL auth @ webpack-internal:///(app-pages-browser)/./node_modules/next/dist/next-devtools/userspace/app/errors/intercept-console-error.js:56
[  773327ms] [ERROR] Payload: {email: srivrind@gmail.com, password: 123456, gotrue_meta_security: Object} @ webpack-internal:///(app-pages-browser)/./node_modules/next/dist/next-devtools/userspace/app/errors/intercept-console-error.js:56
[  773327ms] [ERROR] Error: <HTTP 400> @ webpack-internal:///(app-pages-browser)/./node_modules/next/dist/next-devtools/userspace/app/errors/intercept-console-error.js:56
[  773327ms] [ERROR] HTTP Status: 400 @ webpack-internal:///(app-pages-browser)/./node_modules/next/dist/next-devtools/userspace/app/errors/intercept-console-error.js:56
[  773328ms] [ERROR] Supabase Error: <HTTP 400> @ webpack-internal:///(app-pages-browser)/./node_modules/next/dist/next-devtools/userspace/app/errors/intercept-console-error.js:56
[  773328ms] [ERROR] Suggested Root Cause: Check payload structure, RLS policies, or authentication session state. @ webpack-internal:///(app-pages-browser)/./node_modules/next/dist/next-devtools/userspace/app/errors/intercept-console-error.js:56
[  776584ms] [VERBOSE] [DOM] Input elements should have autocomplete attributes (suggested: "new-password"): (More info: https://goo.gl/9p2vKq) %o @ http://localhost:4028/sign-up-login-screen:0
[  776584ms] [VERBOSE] [DOM] Input elements should have autocomplete attributes (suggested: "new-password"): (More info: https://goo.gl/9p2vKq) %o @ http://localhost:4028/sign-up-login-screen:0
[  796748ms] [ERROR] Failed to load resource: the server responded with a status of 422 () @ https://ixqrijxdedtbxondzytn.supabase.co/auth/v1/signup:0
[  796750ms] [ERROR] Operation: AUTH CALL auth @ webpack-internal:///(app-pages-browser)/./node_modules/next/dist/next-devtools/userspace/app/errors/intercept-console-error.js:56
[  796750ms] [ERROR] Payload: {email: srivrind@gmail.com, password: 123456, data: Object, gotrue_meta_security: Object, code_challenge: null} @ webpack-internal:///(app-pages-browser)/./node_modules/next/dist/next-devtools/userspace/app/errors/intercept-console-error.js:56
[  796750ms] [ERROR] Error: <HTTP 422> @ webpack-internal:///(app-pages-browser)/./node_modules/next/dist/next-devtools/userspace/app/errors/intercept-console-error.js:56
[  796750ms] [ERROR] HTTP Status: 422 @ webpack-internal:///(app-pages-browser)/./node_modules/next/dist/next-devtools/userspace/app/errors/intercept-console-error.js:56
[  796750ms] [ERROR] Supabase Error: <HTTP 422> @ webpack-internal:///(app-pages-browser)/./node_modules/next/dist/next-devtools/userspace/app/errors/intercept-console-error.js:56
[  796750ms] [ERROR] Suggested Root Cause: Check payload structure, RLS policies, or authentication session state. @ webpack-internal:///(app-pages-browser)/./node_modules/next/dist/next-devtools/userspace/app/errors/intercept-console-error.js:56
[  826809ms] [LOG] [Fast Refresh] rebuilding @ webpack-internal:///(app-pages-browser)/./node_modules/next/dist/client/dev/hot-reloader/app/hot-reloader-app.js:196
[  828084ms] [VERBOSE] [DOM] Input elements should have autocomplete attributes (suggested: "current-password"): (More info: https://goo.gl/9p2vKq) %o @ http://localhost:4028/sign-up-login-screen:0
[  831640ms] [LOG] [Fast Refresh] done in 4830ms @ webpack-internal:///(app-pages-browser)/./node_modules/next/dist/client/dev/report-hmr-latency.js:13
[  833537ms] [WARNING] Detected `scroll-behavior: smooth` on the `<html>` element. In a future version, Next.js will no longer automatically disable smooth scrolling during route transitions. To prepare for this change, add `data-scroll-behavior="smooth"` to your <html> element. Learn more: https://nextjs.org/docs/messages/missing-data-scroll-behavior @ webpack-internal:///(app-pages-browser)/./node_modules/next/dist/shared/lib/utils/warn-once.js:15
[  858350ms] [VERBOSE] [DOM] Input elements should have autocomplete attributes (suggested: "current-password"): (More info: https://goo.gl/9p2vKq) %o @ http://localhost:4028/sign-up-login-screen:0
[  881643ms] [ERROR] Failed to load resource: the server responded with a status of 400 () @ https://ixqrijxdedtbxondzytn.supabase.co/rest/v1/tasks?select=id%2Ctitle%2Cfull_title%2Cpriority%2Creminder_time%2Cdue_time%2Cdue_date&user_id=eq.5e1d3715-4f0c-4473-99e6-1a00220be6d9&completed=eq.false&notification_sent=eq.false&or=%28reminder_time.lte.2026-08-08T13%3A26%3A13.547Z%2Cand%28due_date.eq.2026-08-08%2Cdue_time.lte.18%3A56%29%29:0
[  881645ms] [ERROR] Operation: SELECT tasks @ webpack-internal:///(app-pages-browser)/./node_modules/next/dist/next-devtools/userspace/app/errors/intercept-console-error.js:56
[  881645ms] [ERROR] Payload: null @ webpack-internal:///(app-pages-browser)/./node_modules/next/dist/next-devtools/userspace/app/errors/intercept-console-error.js:56
[  881645ms] [ERROR] Error: <HTTP 400> @ webpack-internal:///(app-pages-browser)/./node_modules/next/dist/next-devtools/userspace/app/errors/intercept-console-error.js:56
[  881645ms] [ERROR] HTTP Status: 400 @ webpack-internal:///(app-pages-browser)/./node_modules/next/dist/next-devtools/userspace/app/errors/intercept-console-error.js:56
[  881645ms] [ERROR] Supabase Error: <HTTP 400> @ webpack-internal:///(app-pages-browser)/./node_modules/next/dist/next-devtools/userspace/app/errors/intercept-console-error.js:56
[  881645ms] [ERROR] Suggested Root Cause: Check payload structure, RLS policies, or authentication session state. @ webpack-internal:///(app-pages-browser)/./node_modules/next/dist/next-devtools/userspace/app/errors/intercept-console-error.js:56
[  882109ms] [ERROR] Failed to load resource: the server responded with a status of 400 () @ https://ixqrijxdedtbxondzytn.supabase.co/rest/v1/tasks?select=id%2Ctitle%2Cfull_title%2Cpriority%2Creminder_time%2Cdue_time%2Cdue_date&user_id=eq.5e1d3715-4f0c-4473-99e6-1a00220be6d9&completed=eq.false&notification_sent=eq.false&or=%28reminder_time.lte.2026-08-08T13%3A26%3A13.563Z%2Cand%28due_date.eq.2026-08-08%2Cdue_time.lte.18%3A56%29%29:0
[  882112ms] [ERROR] Operation: SELECT tasks @ webpack-internal:///(app-pages-browser)/./node_modules/next/dist/next-devtools/userspace/app/errors/intercept-console-error.js:56
[  882112ms] [ERROR] Payload: null @ webpack-internal:///(app-pages-browser)/./node_modules/next/dist/next-devtools/userspace/app/errors/intercept-console-error.js:56
[  882112ms] [ERROR] Error: <HTTP 400> @ webpack-internal:///(app-pages-browser)/./node_modules/next/dist/next-devtools/userspace/app/errors/intercept-console-error.js:56
[  882112ms] [ERROR] HTTP Status: 400 @ webpack-internal:///(app-pages-browser)/./node_modules/next/dist/next-devtools/userspace/app/errors/intercept-console-error.js:56
[  882112ms] [ERROR] Supabase Error: <HTTP 400> @ webpack-internal:///(app-pages-browser)/./node_modules/next/dist/next-devtools/userspace/app/errors/intercept-console-error.js:56
[  882112ms] [ERROR] Suggested Root Cause: Check payload structure, RLS policies, or authentication session state. @ webpack-internal:///(app-pages-browser)/./node_modules/next/dist/next-devtools/userspace/app/errors/intercept-console-error.js:56
[  882253ms] [ERROR] Failed to load resource: the server responded with a status of 400 () @ https://ixqrijxdedtbxondzytn.supabase.co/rest/v1/tasks?select=id%2Ctitle%2Cfull_title%2Cpriority%2Creminder_time%2Cdue_time%2Cdue_date&user_id=eq.5e1d3715-4f0c-4473-99e6-1a00220be6d9&completed=eq.false&notification_sent=eq.false&or=%28reminder_time.lte.2026-08-08T13%3A26%3A13.814Z%2Cand%28due_date.eq.2026-08-08%2Cdue_time.lte.18%3A56%29%29:0
[  882254ms] [ERROR] Operation: SELECT tasks @ webpack-internal:///(app-pages-browser)/./node_modules/next/dist/next-devtools/userspace/app/errors/intercept-console-error.js:56
[  882254ms] [ERROR] Payload: null @ webpack-internal:///(app-pages-browser)/./node_modules/next/dist/next-devtools/userspace/app/errors/intercept-console-error.js:56
[  882254ms] [ERROR] Error: <HTTP 400> @ webpack-internal:///(app-pages-browser)/./node_modules/next/dist/next-devtools/userspace/app/errors/intercept-console-error.js:56
[  882254ms] [ERROR] HTTP Status: 400 @ webpack-internal:///(app-pages-browser)/./node_modules/next/dist/next-devtools/userspace/app/errors/intercept-console-error.js:56
[  882254ms] [ERROR] Supabase Error: <HTTP 400> @ webpack-internal:///(app-pages-browser)/./node_modules/next/dist/next-devtools/userspace/app/errors/intercept-console-error.js:56
[  882254ms] [ERROR] Suggested Root Cause: Check payload structure, RLS policies, or authentication session state. @ webpack-internal:///(app-pages-browser)/./node_modules/next/dist/next-devtools/userspace/app/errors/intercept-console-error.js:56
[  941057ms] [ERROR] Failed to load resource: the server responded with a status of 400 () @ https://ixqrijxdedtbxondzytn.supabase.co/rest/v1/tasks?select=id%2Ctitle%2Cfull_title%2Cpriority%2Creminder_time%2Cdue_time%2Cdue_date&user_id=eq.5e1d3715-4f0c-4473-99e6-1a00220be6d9&completed=eq.false&notification_sent=eq.false&or=%28reminder_time.lte.2026-08-08T13%3A27%3A13.816Z%2Cand%28due_date.eq.2026-08-08%2Cdue_time.lte.18%3A57%29%29:0
[  941058ms] [ERROR] Operation: SELECT tasks @ webpack-internal:///(app-pages-browser)/./node_modules/next/dist/next-devtools/userspace/app/errors/intercept-console-error.js:56
[  941058ms] [ERROR] Payload: null @ webpack-internal:///(app-pages-browser)/./node_modules/next/dist/next-devtools/userspace/app/errors/intercept-console-error.js:56
[  941058ms] [ERROR] Error: <HTTP 400> @ webpack-internal:///(app-pages-browser)/./node_modules/next/dist/next-devtools/userspace/app/errors/intercept-console-error.js:56
[  941058ms] [ERROR] HTTP Status: 400 @ webpack-internal:///(app-pages-browser)/./node_modules/next/dist/next-devtools/userspace/app/errors/intercept-console-error.js:56
[  941058ms] [ERROR] Supabase Error: <HTTP 400> @ webpack-internal:///(app-pages-browser)/./node_modules/next/dist/next-devtools/userspace/app/errors/intercept-console-error.js:56
[  941059ms] [ERROR] Suggested Root Cause: Check payload structure, RLS policies, or authentication session state. @ webpack-internal:///(app-pages-browser)/./node_modules/next/dist/next-devtools/userspace/app/errors/intercept-console-error.js:56
[ 1002061ms] [ERROR] Failed to load resource: the server responded with a status of 400 () @ https://ixqrijxdedtbxondzytn.supabase.co/rest/v1/tasks?select=id%2Ctitle%2Cfull_title%2Cpriority%2Creminder_time%2Cdue_time%2Cdue_date&user_id=eq.5e1d3715-4f0c-4473-99e6-1a00220be6d9&completed=eq.false&notification_sent=eq.false&or=%28reminder_time.lte.2026-08-08T13%3A28%3A13.817Z%2Cand%28due_date.eq.2026-08-08%2Cdue_time.lte.18%3A58%29%29:0
[ 1002062ms] [ERROR] Operation: SELECT tasks @ webpack-internal:///(app-pages-browser)/./node_modules/next/dist/next-devtools/userspace/app/errors/intercept-console-error.js:56
[ 1002062ms] [ERROR] Payload: null @ webpack-internal:///(app-pages-browser)/./node_modules/next/dist/next-devtools/userspace/app/errors/intercept-console-error.js:56
[ 1002062ms] [ERROR] Error: <HTTP 400> @ webpack-internal:///(app-pages-browser)/./node_modules/next/dist/next-devtools/userspace/app/errors/intercept-console-error.js:56
[ 1002062ms] [ERROR] HTTP Status: 400 @ webpack-internal:///(app-pages-browser)/./node_modules/next/dist/next-devtools/userspace/app/errors/intercept-console-error.js:56
[ 1002062ms] [ERROR] Supabase Error: <HTTP 400> @ webpack-internal:///(app-pages-browser)/./node_modules/next/dist/next-devtools/userspace/app/errors/intercept-console-error.js:56
[ 1002062ms] [ERROR] Suggested Root Cause: Check payload structure, RLS policies, or authentication session state. @ webpack-internal:///(app-pages-browser)/./node_modules/next/dist/next-devtools/userspace/app/errors/intercept-console-error.js:56
[ 1071625ms] [ERROR] Failed to load resource: the server responded with a status of 400 () @ https://ixqrijxdedtbxondzytn.supabase.co/rest/v1/tasks?select=id%2Ctitle%2Cfull_title%2Cpriority%2Creminder_time%2Cdue_time%2Cdue_date&user_id=eq.5e1d3715-4f0c-4473-99e6-1a00220be6d9&completed=eq.false&notification_sent=eq.false&or=%28reminder_time.lte.2026-08-08T13%3A29%3A13.819Z%2Cand%28due_date.eq.2026-08-08%2Cdue_time.lte.18%3A59%29%29:0
[ 1071626ms] [ERROR] Operation: SELECT tasks @ webpack-internal:///(app-pages-browser)/./node_modules/next/dist/next-devtools/userspace/app/errors/intercept-console-error.js:56
[ 1071626ms] [ERROR] Payload: null @ webpack-internal:///(app-pages-browser)/./node_modules/next/dist/next-devtools/userspace/app/errors/intercept-console-error.js:56
[ 1071626ms] [ERROR] Error: <HTTP 400> @ webpack-internal:///(app-pages-browser)/./node_modules/next/dist/next-devtools/userspace/app/errors/intercept-console-error.js:56
[ 1071627ms] [ERROR] HTTP Status: 400 @ webpack-internal:///(app-pages-browser)/./node_modules/next/dist/next-devtools/userspace/app/errors/intercept-console-error.js:56
[ 1071627ms] [ERROR] Supabase Error: <HTTP 400> @ webpack-internal:///(app-pages-browser)/./node_modules/next/dist/next-devtools/userspace/app/errors/intercept-console-error.js:56
[ 1071627ms] [ERROR] Suggested Root Cause: Check payload structure, RLS policies, or authentication session state. @ webpack-internal:///(app-pages-browser)/./node_modules/next/dist/next-devtools/userspace/app/errors/intercept-console-error.js:56
[ 1121519ms] [ERROR] Failed to load resource: the server responded with a status of 400 () @ https://ixqrijxdedtbxondzytn.supabase.co/rest/v1/tasks?select=id%2Ctitle%2Cfull_title%2Cpriority%2Creminder_time%2Cdue_time%2Cdue_date&user_id=eq.5e1d3715-4f0c-4473-99e6-1a00220be6d9&completed=eq.false&notification_sent=eq.false&or=%28reminder_time.lte.2026-08-08T13%3A30%3A13.820Z%2Cand%28due_date.eq.2026-08-08%2Cdue_time.lte.19%3A00%29%29:0
[ 1121520ms] [ERROR] Operation: SELECT tasks @ webpack-internal:///(app-pages-browser)/./node_modules/next/dist/next-devtools/userspace/app/errors/intercept-console-error.js:56
[ 1121521ms] [ERROR] Payload: null @ webpack-internal:///(app-pages-browser)/./node_modules/next/dist/next-devtools/userspace/app/errors/intercept-console-error.js:56
[ 1121521ms] [ERROR] Error: <HTTP 400> @ webpack-internal:///(app-pages-browser)/./node_modules/next/dist/next-devtools/userspace/app/errors/intercept-console-error.js:56
[ 1121521ms] [ERROR] HTTP Status: 400 @ webpack-internal:///(app-pages-browser)/./node_modules/next/dist/next-devtools/userspace/app/errors/intercept-console-error.js:56
[ 1121521ms] [ERROR] Supabase Error: <HTTP 400> @ webpack-internal:///(app-pages-browser)/./node_modules/next/dist/next-devtools/userspace/app/errors/intercept-console-error.js:56
[ 1121521ms] [ERROR] Suggested Root Cause: Check payload structure, RLS policies, or authentication session state. @ webpack-internal:///(app-pages-browser)/./node_modules/next/dist/next-devtools/userspace/app/errors/intercept-console-error.js:56
[ 1181319ms] [ERROR] Failed to load resource: the server responded with a status of 400 () @ https://ixqrijxdedtbxondzytn.supabase.co/rest/v1/tasks?select=id%2Ctitle%2Cfull_title%2Cpriority%2Creminder_time%2Cdue_time%2Cdue_date&user_id=eq.5e1d3715-4f0c-4473-99e6-1a00220be6d9&completed=eq.false&notification_sent=eq.false&or=%28reminder_time.lte.2026-08-08T13%3A31%3A13.819Z%2Cand%28due_date.eq.2026-08-08%2Cdue_time.lte.19%3A01%29%29:0
[ 1181320ms] [ERROR] Operation: SELECT tasks @ webpack-internal:///(app-pages-browser)/./node_modules/next/dist/next-devtools/userspace/app/errors/intercept-console-error.js:56
[ 1181321ms] [ERROR] Payload: null @ webpack-internal:///(app-pages-browser)/./node_modules/next/dist/next-devtools/userspace/app/errors/intercept-console-error.js:56
[ 1181321ms] [ERROR] Error: <HTTP 400> @ webpack-internal:///(app-pages-browser)/./node_modules/next/dist/next-devtools/userspace/app/errors/intercept-console-error.js:56
[ 1181321ms] [ERROR] HTTP Status: 400 @ webpack-internal:///(app-pages-browser)/./node_modules/next/dist/next-devtools/userspace/app/errors/intercept-console-error.js:56
[ 1181321ms] [ERROR] Supabase Error: <HTTP 400> @ webpack-internal:///(app-pages-browser)/./node_modules/next/dist/next-devtools/userspace/app/errors/intercept-console-error.js:56
[ 1181321ms] [ERROR] Suggested Root Cause: Check payload structure, RLS policies, or authentication session state. @ webpack-internal:///(app-pages-browser)/./node_modules/next/dist/next-devtools/userspace/app/errors/intercept-console-error.js:56
[ 1234655ms] [LOG] [Fast Refresh] rebuilding @ webpack-internal:///(app-pages-browser)/./node_modules/next/dist/client/dev/hot-reloader/app/hot-reloader-app.js:196
[ 1235566ms] [LOG] [Fast Refresh] done in 911ms @ webpack-internal:///(app-pages-browser)/./node_modules/next/dist/client/dev/report-hmr-latency.js:13
[ 1241686ms] [ERROR] Failed to load resource: the server responded with a status of 400 () @ https://ixqrijxdedtbxondzytn.supabase.co/rest/v1/tasks?select=id%2Ctitle%2Cfull_title%2Cpriority%2Creminder_time%2Cdue_time%2Cdue_date&user_id=eq.5e1d3715-4f0c-4473-99e6-1a00220be6d9&completed=eq.false&notification_sent=eq.false&or=%28reminder_time.lte.2026-08-08T13%3A32%3A13.822Z%2Cand%28due_date.eq.2026-08-08%2Cdue_time.lte.19%3A02%29%29:0
[ 1241687ms] [ERROR] Operation: SELECT tasks @ webpack-internal:///(app-pages-browser)/./node_modules/next/dist/next-devtools/userspace/app/errors/intercept-console-error.js:56
[ 1241687ms] [ERROR] Payload: null @ webpack-internal:///(app-pages-browser)/./node_modules/next/dist/next-devtools/userspace/app/errors/intercept-console-error.js:56
[ 1241687ms] [ERROR] Error: <HTTP 400> @ webpack-internal:///(app-pages-browser)/./node_modules/next/dist/next-devtools/userspace/app/errors/intercept-console-error.js:56
[ 1241687ms] [ERROR] HTTP Status: 400 @ webpack-internal:///(app-pages-browser)/./node_modules/next/dist/next-devtools/userspace/app/errors/intercept-console-error.js:56
[ 1241687ms] [ERROR] Supabase Error: <HTTP 400> @ webpack-internal:///(app-pages-browser)/./node_modules/next/dist/next-devtools/userspace/app/errors/intercept-console-error.js:56
[ 1241688ms] [ERROR] Suggested Root Cause: Check payload structure, RLS policies, or authentication session state. @ webpack-internal:///(app-pages-browser)/./node_modules/next/dist/next-devtools/userspace/app/errors/intercept-console-error.js:56
[ 1301192ms] [ERROR] Failed to load resource: the server responded with a status of 400 () @ https://ixqrijxdedtbxondzytn.supabase.co/rest/v1/tasks?select=id%2Ctitle%2Cfull_title%2Cpriority%2Creminder_time%2Cdue_time%2Cdue_date&user_id=eq.5e1d3715-4f0c-4473-99e6-1a00220be6d9&completed=eq.false&notification_sent=eq.false&or=%28reminder_time.lte.2026-08-08T13%3A33%3A13.815Z%2Cand%28due_date.eq.2026-08-08%2Cdue_time.lte.19%3A03%29%29:0
[ 1301193ms] [ERROR] Operation: SELECT tasks @ webpack-internal:///(app-pages-browser)/./node_modules/next/dist/next-devtools/userspace/app/errors/intercept-console-error.js:56
[ 1301193ms] [ERROR] Payload: null @ webpack-internal:///(app-pages-browser)/./node_modules/next/dist/next-devtools/userspace/app/errors/intercept-console-error.js:56
[ 1301193ms] [ERROR] Error: <HTTP 400> @ webpack-internal:///(app-pages-browser)/./node_modules/next/dist/next-devtools/userspace/app/errors/intercept-console-error.js:56
[ 1301194ms] [ERROR] HTTP Status: 400 @ webpack-internal:///(app-pages-browser)/./node_modules/next/dist/next-devtools/userspace/app/errors/intercept-console-error.js:56
[ 1301194ms] [ERROR] Supabase Error: <HTTP 400> @ webpack-internal:///(app-pages-browser)/./node_modules/next/dist/next-devtools/userspace/app/errors/intercept-console-error.js:56
[ 1301194ms] [ERROR] Suggested Root Cause: Check payload structure, RLS policies, or authentication session state. @ webpack-internal:///(app-pages-browser)/./node_modules/next/dist/next-devtools/userspace/app/errors/intercept-console-error.js:56
[ 1361393ms] [ERROR] Failed to load resource: the server responded with a status of 400 () @ https://ixqrijxdedtbxondzytn.supabase.co/rest/v1/tasks?select=id%2Ctitle%2Cfull_title%2Cpriority%2Creminder_time%2Cdue_time%2Cdue_date&user_id=eq.5e1d3715-4f0c-4473-99e6-1a00220be6d9&completed=eq.false&notification_sent=eq.false&or=%28reminder_time.lte.2026-08-08T13%3A34%3A13.816Z%2Cand%28due_date.eq.2026-08-08%2Cdue_time.lte.19%3A04%29%29:0
[ 1361394ms] [ERROR] Operation: SELECT tasks @ webpack-internal:///(app-pages-browser)/./node_modules/next/dist/next-devtools/userspace/app/errors/intercept-console-error.js:56
[ 1361395ms] [ERROR] Payload: null @ webpack-internal:///(app-pages-browser)/./node_modules/next/dist/next-devtools/userspace/app/errors/intercept-console-error.js:56
[ 1361395ms] [ERROR] Error: <HTTP 400> @ webpack-internal:///(app-pages-browser)/./node_modules/next/dist/next-devtools/userspace/app/errors/intercept-console-error.js:56
[ 1361395ms] [ERROR] HTTP Status: 400 @ webpack-internal:///(app-pages-browser)/./node_modules/next/dist/next-devtools/userspace/app/errors/intercept-console-error.js:56
[ 1361395ms] [ERROR] Supabase Error: <HTTP 400> @ webpack-internal:///(app-pages-browser)/./node_modules/next/dist/next-devtools/userspace/app/errors/intercept-console-error.js:56
[ 1361395ms] [ERROR] Suggested Root Cause: Check payload structure, RLS policies, or authentication session state. @ webpack-internal:///(app-pages-browser)/./node_modules/next/dist/next-devtools/userspace/app/errors/intercept-console-error.js:56
[ 1362988ms] [LOG] [Fast Refresh] rebuilding @ webpack-internal:///(app-pages-browser)/./node_modules/next/dist/client/dev/hot-reloader/app/hot-reloader-app.js:196
[ 1364034ms] [LOG] [Fast Refresh] done in 1045ms @ webpack-internal:///(app-pages-browser)/./node_modules/next/dist/client/dev/report-hmr-latency.js:13
[ 1421392ms] [ERROR] Failed to load resource: the server responded with a status of 400 () @ https://ixqrijxdedtbxondzytn.supabase.co/rest/v1/tasks?select=id%2Ctitle%2Cfull_title%2Cpriority%2Creminder_time%2Cdue_time%2Cdue_date&user_id=eq.5e1d3715-4f0c-4473-99e6-1a00220be6d9&completed=eq.false&notification_sent=eq.false&or=%28reminder_time.lte.2026-08-08T13%3A35%3A13.817Z%2Cand%28due_date.eq.2026-08-08%2Cdue_time.lte.19%3A05%29%29:0
[ 1421393ms] [ERROR] Operation: SELECT tasks @ webpack-internal:///(app-pages-browser)/./node_modules/next/dist/next-devtools/userspace/app/errors/intercept-console-error.js:56
[ 1421393ms] [ERROR] Payload: null @ webpack-internal:///(app-pages-browser)/./node_modules/next/dist/next-devtools/userspace/app/errors/intercept-console-error.js:56
[ 1421394ms] [ERROR] Error: <HTTP 400> @ webpack-internal:///(app-pages-browser)/./node_modules/next/dist/next-devtools/userspace/app/errors/intercept-console-error.js:56
[ 1421394ms] [ERROR] HTTP Status: 400 @ webpack-internal:///(app-pages-browser)/./node_modules/next/dist/next-devtools/userspace/app/errors/intercept-console-error.js:56
[ 1421394ms] [ERROR] Supabase Error: <HTTP 400> @ webpack-internal:///(app-pages-browser)/./node_modules/next/dist/next-devtools/userspace/app/errors/intercept-console-error.js:56
[ 1421394ms] [ERROR] Suggested Root Cause: Check payload structure, RLS policies, or authentication session state. @ webpack-internal:///(app-pages-browser)/./node_modules/next/dist/next-devtools/userspace/app/errors/intercept-console-error.js:56
[ 1481054ms] [ERROR] Failed to load resource: the server responded with a status of 400 () @ https://ixqrijxdedtbxondzytn.supabase.co/rest/v1/tasks?select=id%2Ctitle%2Cfull_title%2Cpriority%2Creminder_time%2Cdue_time%2Cdue_date&user_id=eq.5e1d3715-4f0c-4473-99e6-1a00220be6d9&completed=eq.false&notification_sent=eq.false&or=%28reminder_time.lte.2026-08-08T13%3A36%3A13.816Z%2Cand%28due_date.eq.2026-08-08%2Cdue_time.lte.19%3A06%29%29:0
[ 1481055ms] [ERROR] Operation: SELECT tasks @ webpack-internal:///(app-pages-browser)/./node_modules/next/dist/next-devtools/userspace/app/errors/intercept-console-error.js:56
[ 1481055ms] [ERROR] Payload: null @ webpack-internal:///(app-pages-browser)/./node_modules/next/dist/next-devtools/userspace/app/errors/intercept-console-error.js:56
[ 1481055ms] [ERROR] Error: <HTTP 400> @ webpack-internal:///(app-pages-browser)/./node_modules/next/dist/next-devtools/userspace/app/errors/intercept-console-error.js:56
[ 1481055ms] [ERROR] HTTP Status: 400 @ webpack-internal:///(app-pages-browser)/./node_modules/next/dist/next-devtools/userspace/app/errors/intercept-console-error.js:56
[ 1481055ms] [ERROR] Supabase Error: <HTTP 400> @ webpack-internal:///(app-pages-browser)/./node_modules/next/dist/next-devtools/userspace/app/errors/intercept-console-error.js:56
[ 1481056ms] [ERROR] Suggested Root Cause: Check payload structure, RLS policies, or authentication session state. @ webpack-internal:///(app-pages-browser)/./node_modules/next/dist/next-devtools/userspace/app/errors/intercept-console-error.js:56
[ 1541014ms] [ERROR] Failed to load resource: the server responded with a status of 400 () @ https://ixqrijxdedtbxondzytn.supabase.co/rest/v1/tasks?select=id%2Ctitle%2Cfull_title%2Cpriority%2Creminder_time%2Cdue_time%2Cdue_date&user_id=eq.5e1d3715-4f0c-4473-99e6-1a00220be6d9&completed=eq.false&notification_sent=eq.false&or=%28reminder_time.lte.2026-08-08T13%3A37%3A13.817Z%2Cand%28due_date.eq.2026-08-08%2Cdue_time.lte.19%3A07%29%29:0
[ 1541015ms] [ERROR] Operation: SELECT tasks @ webpack-internal:///(app-pages-browser)/./node_modules/next/dist/next-devtools/userspace/app/errors/intercept-console-error.js:56
[ 1541015ms] [ERROR] Payload: null @ webpack-internal:///(app-pages-browser)/./node_modules/next/dist/next-devtools/userspace/app/errors/intercept-console-error.js:56
[ 1541015ms] [ERROR] Error: <HTTP 400> @ webpack-internal:///(app-pages-browser)/./node_modules/next/dist/next-devtools/userspace/app/errors/intercept-console-error.js:56
[ 1541015ms] [ERROR] HTTP Status: 400 @ webpack-internal:///(app-pages-browser)/./node_modules/next/dist/next-devtools/userspace/app/errors/intercept-console-error.js:56
[ 1541016ms] [ERROR] Supabase Error: <HTTP 400> @ webpack-internal:///(app-pages-browser)/./node_modules/next/dist/next-devtools/userspace/app/errors/intercept-console-error.js:56
[ 1541016ms] [ERROR] Suggested Root Cause: Check payload structure, RLS policies, or authentication session state. @ webpack-internal:///(app-pages-browser)/./node_modules/next/dist/next-devtools/userspace/app/errors/intercept-console-error.js:56
[ 1601024ms] [ERROR] Failed to load resource: the server responded with a status of 400 () @ https://ixqrijxdedtbxondzytn.supabase.co/rest/v1/tasks?select=id%2Ctitle%2Cfull_title%2Cpriority%2Creminder_time%2Cdue_time%2Cdue_date&user_id=eq.5e1d3715-4f0c-4473-99e6-1a00220be6d9&completed=eq.false&notification_sent=eq.false&or=%28reminder_time.lte.2026-08-08T13%3A38%3A13.822Z%2Cand%28due_date.eq.2026-08-08%2Cdue_time.lte.19%3A08%29%29:0
[ 1601025ms] [ERROR] Operation: SELECT tasks @ webpack-internal:///(app-pages-browser)/./node_modules/next/dist/next-devtools/userspace/app/errors/intercept-console-error.js:56
[ 1601025ms] [ERROR] Payload: null @ webpack-internal:///(app-pages-browser)/./node_modules/next/dist/next-devtools/userspace/app/errors/intercept-console-error.js:56
[ 1601025ms] [ERROR] Error: <HTTP 400> @ webpack-internal:///(app-pages-browser)/./node_modules/next/dist/next-devtools/userspace/app/errors/intercept-console-error.js:56
[ 1601025ms] [ERROR] HTTP Status: 400 @ webpack-internal:///(app-pages-browser)/./node_modules/next/dist/next-devtools/userspace/app/errors/intercept-console-error.js:56
[ 1601025ms] [ERROR] Supabase Error: <HTTP 400> @ webpack-internal:///(app-pages-browser)/./node_modules/next/dist/next-devtools/userspace/app/errors/intercept-console-error.js:56
[ 1601025ms] [ERROR] Suggested Root Cause: Check payload structure, RLS policies, or authentication session state. @ webpack-internal:///(app-pages-browser)/./node_modules/next/dist/next-devtools/userspace/app/errors/intercept-console-error.js:56
[ 1661137ms] [ERROR] Failed to load resource: the server responded with a status of 400 () @ https://ixqrijxdedtbxondzytn.supabase.co/rest/v1/tasks?select=id%2Ctitle%2Cfull_title%2Cpriority%2Creminder_time%2Cdue_time%2Cdue_date&user_id=eq.5e1d3715-4f0c-4473-99e6-1a00220be6d9&completed=eq.false&notification_sent=eq.false&or=%28reminder_time.lte.2026-08-08T13%3A39%3A13.817Z%2Cand%28due_date.eq.2026-08-08%2Cdue_time.lte.19%3A09%29%29:0
[ 1661138ms] [ERROR] Operation: SELECT tasks @ webpack-internal:///(app-pages-browser)/./node_modules/next/dist/next-devtools/userspace/app/errors/intercept-console-error.js:56
[ 1661138ms] [ERROR] Payload: null @ webpack-internal:///(app-pages-browser)/./node_modules/next/dist/next-devtools/userspace/app/errors/intercept-console-error.js:56
[ 1661138ms] [ERROR] Error: <HTTP 400> @ webpack-internal:///(app-pages-browser)/./node_modules/next/dist/next-devtools/userspace/app/errors/intercept-console-error.js:56
[ 1661138ms] [ERROR] HTTP Status: 400 @ webpack-internal:///(app-pages-browser)/./node_modules/next/dist/next-devtools/userspace/app/errors/intercept-console-error.js:56
[ 1661139ms] [ERROR] Supabase Error: <HTTP 400> @ webpack-internal:///(app-pages-browser)/./node_modules/next/dist/next-devtools/userspace/app/errors/intercept-console-error.js:56
[ 1661139ms] [ERROR] Suggested Root Cause: Check payload structure, RLS policies, or authentication session state. @ webpack-internal:///(app-pages-browser)/./node_modules/next/dist/next-devtools/userspace/app/errors/intercept-console-error.js:56
[ 1720997ms] [ERROR] Failed to load resource: the server responded with a status of 400 () @ https://ixqrijxdedtbxondzytn.supabase.co/rest/v1/tasks?select=id%2Ctitle%2Cfull_title%2Cpriority%2Creminder_time%2Cdue_time%2Cdue_date&user_id=eq.5e1d3715-4f0c-4473-99e6-1a00220be6d9&completed=eq.false&notification_sent=eq.false&or=%28reminder_time.lte.2026-08-08T13%3A40%3A13.816Z%2Cand%28due_date.eq.2026-08-08%2Cdue_time.lte.19%3A10%29%29:0
[ 1720998ms] [ERROR] Operation: SELECT tasks @ webpack-internal:///(app-pages-browser)/./node_modules/next/dist/next-devtools/userspace/app/errors/intercept-console-error.js:56
[ 1720998ms] [ERROR] Payload: null @ webpack-internal:///(app-pages-browser)/./node_modules/next/dist/next-devtools/userspace/app/errors/intercept-console-error.js:56
[ 1720998ms] [ERROR] Error: <HTTP 400> @ webpack-internal:///(app-pages-browser)/./node_modules/next/dist/next-devtools/userspace/app/errors/intercept-console-error.js:56
[ 1720998ms] [ERROR] HTTP Status: 400 @ webpack-internal:///(app-pages-browser)/./node_modules/next/dist/next-devtools/userspace/app/errors/intercept-console-error.js:56
[ 1720998ms] [ERROR] Supabase Error: <HTTP 400> @ webpack-internal:///(app-pages-browser)/./node_modules/next/dist/next-devtools/userspace/app/errors/intercept-console-error.js:56
[ 1720998ms] [ERROR] Suggested Root Cause: Check payload structure, RLS policies, or authentication session state. @ webpack-internal:///(app-pages-browser)/./node_modules/next/dist/next-devtools/userspace/app/errors/intercept-console-error.js:56
[ 1781251ms] [ERROR] Failed to load resource: the server responded with a status of 400 () @ https://ixqrijxdedtbxondzytn.supabase.co/rest/v1/tasks?select=id%2Ctitle%2Cfull_title%2Cpriority%2Creminder_time%2Cdue_time%2Cdue_date&user_id=eq.5e1d3715-4f0c-4473-99e6-1a00220be6d9&completed=eq.false&notification_sent=eq.false&or=%28reminder_time.lte.2026-08-08T13%3A41%3A13.817Z%2Cand%28due_date.eq.2026-08-08%2Cdue_time.lte.19%3A11%29%29:0
[ 1781252ms] [ERROR] Operation: SELECT tasks @ webpack-internal:///(app-pages-browser)/./node_modules/next/dist/next-devtools/userspace/app/errors/intercept-console-error.js:56
[ 1781252ms] [ERROR] Payload: null @ webpack-internal:///(app-pages-browser)/./node_modules/next/dist/next-devtools/userspace/app/errors/intercept-console-error.js:56
[ 1781252ms] [ERROR] Error: <HTTP 400> @ webpack-internal:///(app-pages-browser)/./node_modules/next/dist/next-devtools/userspace/app/errors/intercept-console-error.js:56
[ 1781252ms] [ERROR] HTTP Status: 400 @ webpack-internal:///(app-pages-browser)/./node_modules/next/dist/next-devtools/userspace/app/errors/intercept-console-error.js:56
[ 1781253ms] [ERROR] Supabase Error: <HTTP 400> @ webpack-internal:///(app-pages-browser)/./node_modules/next/dist/next-devtools/userspace/app/errors/intercept-console-error.js:56
[ 1781253ms] [ERROR] Suggested Root Cause: Check payload structure, RLS policies, or authentication session state. @ webpack-internal:///(app-pages-browser)/./node_modules/next/dist/next-devtools/userspace/app/errors/intercept-console-error.js:56
[ 1841242ms] [ERROR] Failed to load resource: the server responded with a status of 400 () @ https://ixqrijxdedtbxondzytn.supabase.co/rest/v1/tasks?select=id%2Ctitle%2Cfull_title%2Cpriority%2Creminder_time%2Cdue_time%2Cdue_date&user_id=eq.5e1d3715-4f0c-4473-99e6-1a00220be6d9&completed=eq.false&notification_sent=eq.false&or=%28reminder_time.lte.2026-08-08T13%3A42%3A13.818Z%2Cand%28due_date.eq.2026-08-08%2Cdue_time.lte.19%3A12%29%29:0
[ 1841243ms] [ERROR] Operation: SELECT tasks @ webpack-internal:///(app-pages-browser)/./node_modules/next/dist/next-devtools/userspace/app/errors/intercept-console-error.js:56
[ 1841243ms] [ERROR] Payload: null @ webpack-internal:///(app-pages-browser)/./node_modules/next/dist/next-devtools/userspace/app/errors/intercept-console-error.js:56
[ 1841243ms] [ERROR] Error: <HTTP 400> @ webpack-internal:///(app-pages-browser)/./node_modules/next/dist/next-devtools/userspace/app/errors/intercept-console-error.js:56
[ 1841243ms] [ERROR] HTTP Status: 400 @ webpack-internal:///(app-pages-browser)/./node_modules/next/dist/next-devtools/userspace/app/errors/intercept-console-error.js:56
[ 1841244ms] [ERROR] Supabase Error: <HTTP 400> @ webpack-internal:///(app-pages-browser)/./node_modules/next/dist/next-devtools/userspace/app/errors/intercept-console-error.js:56
[ 1841244ms] [ERROR] Suggested Root Cause: Check payload structure, RLS policies, or authentication session state. @ webpack-internal:///(app-pages-browser)/./node_modules/next/dist/next-devtools/userspace/app/errors/intercept-console-error.js:56
[ 1901183ms] [ERROR] Failed to load resource: the server responded with a status of 400 () @ https://ixqrijxdedtbxondzytn.supabase.co/rest/v1/tasks?select=id%2Ctitle%2Cfull_title%2Cpriority%2Creminder_time%2Cdue_time%2Cdue_date&user_id=eq.5e1d3715-4f0c-4473-99e6-1a00220be6d9&completed=eq.false&notification_sent=eq.false&or=%28reminder_time.lte.2026-08-08T13%3A43%3A13.819Z%2Cand%28due_date.eq.2026-08-08%2Cdue_time.lte.19%3A13%29%29:0
[ 1901184ms] [ERROR] Operation: SELECT tasks @ webpack-internal:///(app-pages-browser)/./node_modules/next/dist/next-devtools/userspace/app/errors/intercept-console-error.js:56
[ 1901184ms] [ERROR] Payload: null @ webpack-internal:///(app-pages-browser)/./node_modules/next/dist/next-devtools/userspace/app/errors/intercept-console-error.js:56
[ 1901185ms] [ERROR] Error: <HTTP 400> @ webpack-internal:///(app-pages-browser)/./node_modules/next/dist/next-devtools/userspace/app/errors/intercept-console-error.js:56
[ 1901185ms] [ERROR] HTTP Status: 400 @ webpack-internal:///(app-pages-browser)/./node_modules/next/dist/next-devtools/userspace/app/errors/intercept-console-error.js:56
[ 1901185ms] [ERROR] Supabase Error: <HTTP 400> @ webpack-internal:///(app-pages-browser)/./node_modules/next/dist/next-devtools/userspace/app/errors/intercept-console-error.js:56
[ 1901185ms] [ERROR] Suggested Root Cause: Check payload structure, RLS policies, or authentication session state. @ webpack-internal:///(app-pages-browser)/./node_modules/next/dist/next-devtools/userspace/app/errors/intercept-console-error.js:56
[ 1961227ms] [ERROR] Failed to load resource: the server responded with a status of 400 () @ https://ixqrijxdedtbxondzytn.supabase.co/rest/v1/tasks?select=id%2Ctitle%2Cfull_title%2Cpriority%2Creminder_time%2Cdue_time%2Cdue_date&user_id=eq.5e1d3715-4f0c-4473-99e6-1a00220be6d9&completed=eq.false&notification_sent=eq.false&or=%28reminder_time.lte.2026-08-08T13%3A44%3A13.817Z%2Cand%28due_date.eq.2026-08-08%2Cdue_time.lte.19%3A14%29%29:0
[ 1961228ms] [ERROR] Operation: SELECT tasks @ webpack-internal:///(app-pages-browser)/./node_modules/next/dist/next-devtools/userspace/app/errors/intercept-console-error.js:56
[ 1961228ms] [ERROR] Payload: null @ webpack-internal:///(app-pages-browser)/./node_modules/next/dist/next-devtools/userspace/app/errors/intercept-console-error.js:56
[ 1961228ms] [ERROR] Error: <HTTP 400> @ webpack-internal:///(app-pages-browser)/./node_modules/next/dist/next-devtools/userspace/app/errors/intercept-console-error.js:56
[ 1961228ms] [ERROR] HTTP Status: 400 @ webpack-internal:///(app-pages-browser)/./node_modules/next/dist/next-devtools/userspace/app/errors/intercept-console-error.js:56
[ 1961229ms] [ERROR] Supabase Error: <HTTP 400> @ webpack-internal:///(app-pages-browser)/./node_modules/next/dist/next-devtools/userspace/app/errors/intercept-console-error.js:56
[ 1961229ms] [ERROR] Suggested Root Cause: Check payload structure, RLS policies, or authentication session state. @ webpack-internal:///(app-pages-browser)/./node_modules/next/dist/next-devtools/userspace/app/errors/intercept-console-error.js:56
[ 2021056ms] [ERROR] Failed to load resource: the server responded with a status of 400 () @ https://ixqrijxdedtbxondzytn.supabase.co/rest/v1/tasks?select=id%2Ctitle%2Cfull_title%2Cpriority%2Creminder_time%2Cdue_time%2Cdue_date&user_id=eq.5e1d3715-4f0c-4473-99e6-1a00220be6d9&completed=eq.false&notification_sent=eq.false&or=%28reminder_time.lte.2026-08-08T13%3A45%3A13.822Z%2Cand%28due_date.eq.2026-08-08%2Cdue_time.lte.19%3A15%29%29:0
[ 2021057ms] [ERROR] Operation: SELECT tasks @ webpack-internal:///(app-pages-browser)/./node_modules/next/dist/next-devtools/userspace/app/errors/intercept-console-error.js:56
[ 2021057ms] [ERROR] Payload: null @ webpack-internal:///(app-pages-browser)/./node_modules/next/dist/next-devtools/userspace/app/errors/intercept-console-error.js:56
[ 2021057ms] [ERROR] Error: <HTTP 400> @ webpack-internal:///(app-pages-browser)/./node_modules/next/dist/next-devtools/userspace/app/errors/intercept-console-error.js:56
[ 2021057ms] [ERROR] HTTP Status: 400 @ webpack-internal:///(app-pages-browser)/./node_modules/next/dist/next-devtools/userspace/app/errors/intercept-console-error.js:56
[ 2021057ms] [ERROR] Supabase Error: <HTTP 400> @ webpack-internal:///(app-pages-browser)/./node_modules/next/dist/next-devtools/userspace/app/errors/intercept-console-error.js:56
[ 2021058ms] [ERROR] Suggested Root Cause: Check payload structure, RLS policies, or authentication session state. @ webpack-internal:///(app-pages-browser)/./node_modules/next/dist/next-devtools/userspace/app/errors/intercept-console-error.js:56
[ 2081141ms] [ERROR] Failed to load resource: the server responded with a status of 400 () @ https://ixqrijxdedtbxondzytn.supabase.co/rest/v1/tasks?select=id%2Ctitle%2Cfull_title%2Cpriority%2Creminder_time%2Cdue_time%2Cdue_date&user_id=eq.5e1d3715-4f0c-4473-99e6-1a00220be6d9&completed=eq.false&notification_sent=eq.false&or=%28reminder_time.lte.2026-08-08T13%3A46%3A13.815Z%2Cand%28due_date.eq.2026-08-08%2Cdue_time.lte.19%3A16%29%29:0
[ 2081142ms] [ERROR] Operation: SELECT tasks @ webpack-internal:///(app-pages-browser)/./node_modules/next/dist/next-devtools/userspace/app/errors/intercept-console-error.js:56
[ 2081143ms] [ERROR] Payload: null @ webpack-internal:///(app-pages-browser)/./node_modules/next/dist/next-devtools/userspace/app/errors/intercept-console-error.js:56
[ 2081143ms] [ERROR] Error: <HTTP 400> @ webpack-internal:///(app-pages-browser)/./node_modules/next/dist/next-devtools/userspace/app/errors/intercept-console-error.js:56
[ 2081143ms] [ERROR] HTTP Status: 400 @ webpack-internal:///(app-pages-browser)/./node_modules/next/dist/next-devtools/userspace/app/errors/intercept-console-error.js:56
[ 2081143ms] [ERROR] Supabase Error: <HTTP 400> @ webpack-internal:///(app-pages-browser)/./node_modules/next/dist/next-devtools/userspace/app/errors/intercept-console-error.js:56
[ 2081143ms] [ERROR] Suggested Root Cause: Check payload structure, RLS policies, or authentication session state. @ webpack-internal:///(app-pages-browser)/./node_modules/next/dist/next-devtools/userspace/app/errors/intercept-console-error.js:56
[ 2141260ms] [ERROR] Failed to load resource: the server responded with a status of 400 () @ https://ixqrijxdedtbxondzytn.supabase.co/rest/v1/tasks?select=id%2Ctitle%2Cfull_title%2Cpriority%2Creminder_time%2Cdue_time%2Cdue_date&user_id=eq.5e1d3715-4f0c-4473-99e6-1a00220be6d9&completed=eq.false&notification_sent=eq.false&or=%28reminder_time.lte.2026-08-08T13%3A47%3A13.816Z%2Cand%28due_date.eq.2026-08-08%2Cdue_time.lte.19%3A17%29%29:0
[ 2141261ms] [ERROR] Operation: SELECT tasks @ webpack-internal:///(app-pages-browser)/./node_modules/next/dist/next-devtools/userspace/app/errors/intercept-console-error.js:56
[ 2141261ms] [ERROR] Payload: null @ webpack-internal:///(app-pages-browser)/./node_modules/next/dist/next-devtools/userspace/app/errors/intercept-console-error.js:56
[ 2141261ms] [ERROR] Error: <HTTP 400> @ webpack-internal:///(app-pages-browser)/./node_modules/next/dist/next-devtools/userspace/app/errors/intercept-console-error.js:56
[ 2141262ms] [ERROR] HTTP Status: 400 @ webpack-internal:///(app-pages-browser)/./node_modules/next/dist/next-devtools/userspace/app/errors/intercept-console-error.js:56
[ 2141262ms] [ERROR] Supabase Error: <HTTP 400> @ webpack-internal:///(app-pages-browser)/./node_modules/next/dist/next-devtools/userspace/app/errors/intercept-console-error.js:56
[ 2141262ms] [ERROR] Suggested Root Cause: Check payload structure, RLS policies, or authentication session state. @ webpack-internal:///(app-pages-browser)/./node_modules/next/dist/next-devtools/userspace/app/errors/intercept-console-error.js:56
[ 2201021ms] [ERROR] Failed to load resource: the server responded with a status of 400 () @ https://ixqrijxdedtbxondzytn.supabase.co/rest/v1/tasks?select=id%2Ctitle%2Cfull_title%2Cpriority%2Creminder_time%2Cdue_time%2Cdue_date&user_id=eq.5e1d3715-4f0c-4473-99e6-1a00220be6d9&completed=eq.false&notification_sent=eq.false&or=%28reminder_time.lte.2026-08-08T13%3A48%3A13.817Z%2Cand%28due_date.eq.2026-08-08%2Cdue_time.lte.19%3A18%29%29:0
[ 2201024ms] [ERROR] Operation: SELECT tasks @ webpack-internal:///(app-pages-browser)/./node_modules/next/dist/next-devtools/userspace/app/errors/intercept-console-error.js:56
[ 2201025ms] [ERROR] Payload: null @ webpack-internal:///(app-pages-browser)/./node_modules/next/dist/next-devtools/userspace/app/errors/intercept-console-error.js:56
[ 2201025ms] [ERROR] Error: <HTTP 400> @ webpack-internal:///(app-pages-browser)/./node_modules/next/dist/next-devtools/userspace/app/errors/intercept-console-error.js:56
[ 2201025ms] [ERROR] HTTP Status: 400 @ webpack-internal:///(app-pages-browser)/./node_modules/next/dist/next-devtools/userspace/app/errors/intercept-console-error.js:56
[ 2201025ms] [ERROR] Supabase Error: <HTTP 400> @ webpack-internal:///(app-pages-browser)/./node_modules/next/dist/next-devtools/userspace/app/errors/intercept-console-error.js:56
[ 2201025ms] [ERROR] Suggested Root Cause: Check payload structure, RLS policies, or authentication session state. @ webpack-internal:///(app-pages-browser)/./node_modules/next/dist/next-devtools/userspace/app/errors/intercept-console-error.js:56
[ 2207167ms] [LOG] [Fast Refresh] rebuilding @ webpack-internal:///(app-pages-browser)/./node_modules/next/dist/client/dev/hot-reloader/app/hot-reloader-app.js:196
[ 2208219ms] [LOG] [Fast Refresh] done in 1051ms @ webpack-internal:///(app-pages-browser)/./node_modules/next/dist/client/dev/report-hmr-latency.js:13
[ 2244144ms] [LOG] [Fast Refresh] rebuilding @ webpack-internal:///(app-pages-browser)/./node_modules/next/dist/client/dev/hot-reloader/app/hot-reloader-app.js:196
[ 2244875ms] [LOG] [Fast Refresh] done in 732ms @ webpack-internal:///(app-pages-browser)/./node_modules/next/dist/client/dev/report-hmr-latency.js:13
[ 2261088ms] [ERROR] Failed to load resource: the server responded with a status of 400 () @ https://ixqrijxdedtbxondzytn.supabase.co/rest/v1/tasks?select=id%2Ctitle%2Cfull_title%2Cpriority%2Creminder_time%2Cdue_time%2Cdue_date&user_id=eq.5e1d3715-4f0c-4473-99e6-1a00220be6d9&completed=eq.false&notification_sent=eq.false&or=%28reminder_time.lte.2026-08-08T13%3A49%3A13.819Z%2Cand%28due_date.eq.2026-08-08%2Cdue_time.lte.19%3A19%29%29:0
[ 2261089ms] [ERROR] Operation: SELECT tasks @ webpack-internal:///(app-pages-browser)/./node_modules/next/dist/next-devtools/userspace/app/errors/intercept-console-error.js:56
[ 2261089ms] [ERROR] Payload: null @ webpack-internal:///(app-pages-browser)/./node_modules/next/dist/next-devtools/userspace/app/errors/intercept-console-error.js:56
[ 2261089ms] [ERROR] Error: <HTTP 400> @ webpack-internal:///(app-pages-browser)/./node_modules/next/dist/next-devtools/userspace/app/errors/intercept-console-error.js:56
[ 2261089ms] [ERROR] HTTP Status: 400 @ webpack-internal:///(app-pages-browser)/./node_modules/next/dist/next-devtools/userspace/app/errors/intercept-console-error.js:56
[ 2261090ms] [ERROR] Supabase Error: <HTTP 400> @ webpack-internal:///(app-pages-browser)/./node_modules/next/dist/next-devtools/userspace/app/errors/intercept-console-error.js:56
[ 2261090ms] [ERROR] Suggested Root Cause: Check payload structure, RLS policies, or authentication session state. @ webpack-internal:///(app-pages-browser)/./node_modules/next/dist/next-devtools/userspace/app/errors/intercept-console-error.js:56
[ 2321312ms] [ERROR] Failed to load resource: the server responded with a status of 400 () @ https://ixqrijxdedtbxondzytn.supabase.co/rest/v1/tasks?select=id%2Ctitle%2Cfull_title%2Cpriority%2Creminder_time%2Cdue_time%2Cdue_date&user_id=eq.5e1d3715-4f0c-4473-99e6-1a00220be6d9&completed=eq.false&notification_sent=eq.false&or=%28reminder_time.lte.2026-08-08T13%3A50%3A13.820Z%2Cand%28due_date.eq.2026-08-08%2Cdue_time.lte.19%3A20%29%29:0
[ 2321313ms] [ERROR] Operation: SELECT tasks @ webpack-internal:///(app-pages-browser)/./node_modules/next/dist/next-devtools/userspace/app/errors/intercept-console-error.js:56
[ 2321313ms] [ERROR] Payload: null @ webpack-internal:///(app-pages-browser)/./node_modules/next/dist/next-devtools/userspace/app/errors/intercept-console-error.js:56
[ 2321313ms] [ERROR] Error: <HTTP 400> @ webpack-internal:///(app-pages-browser)/./node_modules/next/dist/next-devtools/userspace/app/errors/intercept-console-error.js:56
[ 2321313ms] [ERROR] HTTP Status: 400 @ webpack-internal:///(app-pages-browser)/./node_modules/next/dist/next-devtools/userspace/app/errors/intercept-console-error.js:56
[ 2321314ms] [ERROR] Supabase Error: <HTTP 400> @ webpack-internal:///(app-pages-browser)/./node_modules/next/dist/next-devtools/userspace/app/errors/intercept-console-error.js:56
[ 2321314ms] [ERROR] Suggested Root Cause: Check payload structure, RLS policies, or authentication session state. @ webpack-internal:///(app-pages-browser)/./node_modules/next/dist/next-devtools/userspace/app/errors/intercept-console-error.js:56
[ 2381415ms] [ERROR] Failed to load resource: the server responded with a status of 400 () @ https://ixqrijxdedtbxondzytn.supabase.co/rest/v1/tasks?select=id%2Ctitle%2Cfull_title%2Cpriority%2Creminder_time%2Cdue_time%2Cdue_date&user_id=eq.5e1d3715-4f0c-4473-99e6-1a00220be6d9&completed=eq.false&notification_sent=eq.false&or=%28reminder_time.lte.2026-08-08T13%3A51%3A13.821Z%2Cand%28due_date.eq.2026-08-08%2Cdue_time.lte.19%3A21%29%29:0
[ 2381416ms] [ERROR] Operation: SELECT tasks @ webpack-internal:///(app-pages-browser)/./node_modules/next/dist/next-devtools/userspace/app/errors/intercept-console-error.js:56
[ 2381416ms] [ERROR] Payload: null @ webpack-internal:///(app-pages-browser)/./node_modules/next/dist/next-devtools/userspace/app/errors/intercept-console-error.js:56
[ 2381416ms] [ERROR] Error: <HTTP 400> @ webpack-internal:///(app-pages-browser)/./node_modules/next/dist/next-devtools/userspace/app/errors/intercept-console-error.js:56
[ 2381417ms] [ERROR] HTTP Status: 400 @ webpack-internal:///(app-pages-browser)/./node_modules/next/dist/next-devtools/userspace/app/errors/intercept-console-error.js:56
[ 2381417ms] [ERROR] Supabase Error: <HTTP 400> @ webpack-internal:///(app-pages-browser)/./node_modules/next/dist/next-devtools/userspace/app/errors/intercept-console-error.js:56
[ 2381417ms] [ERROR] Suggested Root Cause: Check payload structure, RLS policies, or authentication session state. @ webpack-internal:///(app-pages-browser)/./node_modules/next/dist/next-devtools/userspace/app/errors/intercept-console-error.js:56
[ 2441721ms] [ERROR] Failed to load resource: the server responded with a status of 400 () @ https://ixqrijxdedtbxondzytn.supabase.co/rest/v1/tasks?select=id%2Ctitle%2Cfull_title%2Cpriority%2Creminder_time%2Cdue_time%2Cdue_date&user_id=eq.5e1d3715-4f0c-4473-99e6-1a00220be6d9&completed=eq.false&notification_sent=eq.false&or=%28reminder_time.lte.2026-08-08T13%3A52%3A13.815Z%2Cand%28due_date.eq.2026-08-08%2Cdue_time.lte.19%3A22%29%29:0
[ 2441722ms] [ERROR] Operation: SELECT tasks @ webpack-internal:///(app-pages-browser)/./node_modules/next/dist/next-devtools/userspace/app/errors/intercept-console-error.js:56
[ 2441722ms] [ERROR] Payload: null @ webpack-internal:///(app-pages-browser)/./node_modules/next/dist/next-devtools/userspace/app/errors/intercept-console-error.js:56
[ 2441723ms] [ERROR] Error: <HTTP 400> @ webpack-internal:///(app-pages-browser)/./node_modules/next/dist/next-devtools/userspace/app/errors/intercept-console-error.js:56
[ 2441723ms] [ERROR] HTTP Status: 400 @ webpack-internal:///(app-pages-browser)/./node_modules/next/dist/next-devtools/userspace/app/errors/intercept-console-error.js:56
[ 2441723ms] [ERROR] Supabase Error: <HTTP 400> @ webpack-internal:///(app-pages-browser)/./node_modules/next/dist/next-devtools/userspace/app/errors/intercept-console-error.js:56
[ 2441723ms] [ERROR] Suggested Root Cause: Check payload structure, RLS policies, or authentication session state. @ webpack-internal:///(app-pages-browser)/./node_modules/next/dist/next-devtools/userspace/app/errors/intercept-console-error.js:56
[ 2501062ms] [ERROR] Failed to load resource: the server responded with a status of 400 () @ https://ixqrijxdedtbxondzytn.supabase.co/rest/v1/tasks?select=id%2Ctitle%2Cfull_title%2Cpriority%2Creminder_time%2Cdue_time%2Cdue_date&user_id=eq.5e1d3715-4f0c-4473-99e6-1a00220be6d9&completed=eq.false&notification_sent=eq.false&or=%28reminder_time.lte.2026-08-08T13%3A53%3A13.816Z%2Cand%28due_date.eq.2026-08-08%2Cdue_time.lte.19%3A23%29%29:0
[ 2501064ms] [ERROR] Operation: SELECT tasks @ webpack-internal:///(app-pages-browser)/./node_modules/next/dist/next-devtools/userspace/app/errors/intercept-console-error.js:56
[ 2501064ms] [ERROR] Payload: null @ webpack-internal:///(app-pages-browser)/./node_modules/next/dist/next-devtools/userspace/app/errors/intercept-console-error.js:56
[ 2501064ms] [ERROR] Error: <HTTP 400> @ webpack-internal:///(app-pages-browser)/./node_modules/next/dist/next-devtools/userspace/app/errors/intercept-console-error.js:56
[ 2501064ms] [ERROR] HTTP Status: 400 @ webpack-internal:///(app-pages-browser)/./node_modules/next/dist/next-devtools/userspace/app/errors/intercept-console-error.js:56
[ 2501064ms] [ERROR] Supabase Error: <HTTP 400> @ webpack-internal:///(app-pages-browser)/./node_modules/next/dist/next-devtools/userspace/app/errors/intercept-console-error.js:56
[ 2501065ms] [ERROR] Suggested Root Cause: Check payload structure, RLS policies, or authentication session state. @ webpack-internal:///(app-pages-browser)/./node_modules/next/dist/next-devtools/userspace/app/errors/intercept-console-error.js:56
[ 2561066ms] [ERROR] Failed to load resource: the server responded with a status of 400 () @ https://ixqrijxdedtbxondzytn.supabase.co/rest/v1/tasks?select=id%2Ctitle%2Cfull_title%2Cpriority%2Creminder_time%2Cdue_time%2Cdue_date&user_id=eq.5e1d3715-4f0c-4473-99e6-1a00220be6d9&completed=eq.false&notification_sent=eq.false&or=%28reminder_time.lte.2026-08-08T13%3A54%3A13.817Z%2Cand%28due_date.eq.2026-08-08%2Cdue_time.lte.19%3A24%29%29:0
[ 2561067ms] [ERROR] Operation: SELECT tasks @ webpack-internal:///(app-pages-browser)/./node_modules/next/dist/next-devtools/userspace/app/errors/intercept-console-error.js:56
[ 2561067ms] [ERROR] Payload: null @ webpack-internal:///(app-pages-browser)/./node_modules/next/dist/next-devtools/userspace/app/errors/intercept-console-error.js:56
[ 2561067ms] [ERROR] Error: <HTTP 400> @ webpack-internal:///(app-pages-browser)/./node_modules/next/dist/next-devtools/userspace/app/errors/intercept-console-error.js:56
[ 2561067ms] [ERROR] HTTP Status: 400 @ webpack-internal:///(app-pages-browser)/./node_modules/next/dist/next-devtools/userspace/app/errors/intercept-console-error.js:56
[ 2561067ms] [ERROR] Supabase Error: <HTTP 400> @ webpack-internal:///(app-pages-browser)/./node_modules/next/dist/next-devtools/userspace/app/errors/intercept-console-error.js:56
[ 2561067ms] [ERROR] Suggested Root Cause: Check payload structure, RLS policies, or authentication session state. @ webpack-internal:///(app-pages-browser)/./node_modules/next/dist/next-devtools/userspace/app/errors/intercept-console-error.js:56
[ 2621191ms] [ERROR] Failed to load resource: the server responded with a status of 400 () @ https://ixqrijxdedtbxondzytn.supabase.co/rest/v1/tasks?select=id%2Ctitle%2Cfull_title%2Cpriority%2Creminder_time%2Cdue_time%2Cdue_date&user_id=eq.5e1d3715-4f0c-4473-99e6-1a00220be6d9&completed=eq.false&notification_sent=eq.false&or=%28reminder_time.lte.2026-08-08T13%3A55%3A13.817Z%2Cand%28due_date.eq.2026-08-08%2Cdue_time.lte.19%3A25%29%29:0
[ 2621192ms] [ERROR] Operation: SELECT tasks @ webpack-internal:///(app-pages-browser)/./node_modules/next/dist/next-devtools/userspace/app/errors/intercept-console-error.js:56
[ 2621192ms] [ERROR] Payload: null @ webpack-internal:///(app-pages-browser)/./node_modules/next/dist/next-devtools/userspace/app/errors/intercept-console-error.js:56
[ 2621192ms] [ERROR] Error: <HTTP 400> @ webpack-internal:///(app-pages-browser)/./node_modules/next/dist/next-devtools/userspace/app/errors/intercept-console-error.js:56
[ 2621193ms] [ERROR] HTTP Status: 400 @ webpack-internal:///(app-pages-browser)/./node_modules/next/dist/next-devtools/userspace/app/errors/intercept-console-error.js:56
[ 2621193ms] [ERROR] Supabase Error: <HTTP 400> @ webpack-internal:///(app-pages-browser)/./node_modules/next/dist/next-devtools/userspace/app/errors/intercept-console-error.js:56
[ 2621193ms] [ERROR] Suggested Root Cause: Check payload structure, RLS policies, or authentication session state. @ webpack-internal:///(app-pages-browser)/./node_modules/next/dist/next-devtools/userspace/app/errors/intercept-console-error.js:56
[ 2681058ms] [ERROR] Failed to load resource: the server responded with a status of 400 () @ https://ixqrijxdedtbxondzytn.supabase.co/rest/v1/tasks?select=id%2Ctitle%2Cfull_title%2Cpriority%2Creminder_time%2Cdue_time%2Cdue_date&user_id=eq.5e1d3715-4f0c-4473-99e6-1a00220be6d9&completed=eq.false&notification_sent=eq.false&or=%28reminder_time.lte.2026-08-08T13%3A56%3A13.819Z%2Cand%28due_date.eq.2026-08-08%2Cdue_time.lte.19%3A26%29%29:0
[ 2681059ms] [ERROR] Operation: SELECT tasks @ webpack-internal:///(app-pages-browser)/./node_modules/next/dist/next-devtools/userspace/app/errors/intercept-console-error.js:56
[ 2681059ms] [ERROR] Payload: null @ webpack-internal:///(app-pages-browser)/./node_modules/next/dist/next-devtools/userspace/app/errors/intercept-console-error.js:56
[ 2681059ms] [ERROR] Error: <HTTP 400> @ webpack-internal:///(app-pages-browser)/./node_modules/next/dist/next-devtools/userspace/app/errors/intercept-console-error.js:56
[ 2681059ms] [ERROR] HTTP Status: 400 @ webpack-internal:///(app-pages-browser)/./node_modules/next/dist/next-devtools/userspace/app/errors/intercept-console-error.js:56
[ 2681060ms] [ERROR] Supabase Error: <HTTP 400> @ webpack-internal:///(app-pages-browser)/./node_modules/next/dist/next-devtools/userspace/app/errors/intercept-console-error.js:56
[ 2681060ms] [ERROR] Suggested Root Cause: Check payload structure, RLS policies, or authentication session state. @ webpack-internal:///(app-pages-browser)/./node_modules/next/dist/next-devtools/userspace/app/errors/intercept-console-error.js:56
[ 2741029ms] [ERROR] Failed to load resource: the server responded with a status of 400 () @ https://ixqrijxdedtbxondzytn.supabase.co/rest/v1/tasks?select=id%2Ctitle%2Cfull_title%2Cpriority%2Creminder_time%2Cdue_time%2Cdue_date&user_id=eq.5e1d3715-4f0c-4473-99e6-1a00220be6d9&completed=eq.false&notification_sent=eq.false&or=%28reminder_time.lte.2026-08-08T13%3A57%3A13.820Z%2Cand%28due_date.eq.2026-08-08%2Cdue_time.lte.19%3A27%29%29:0
[ 2741030ms] [ERROR] Operation: SELECT tasks @ webpack-internal:///(app-pages-browser)/./node_modules/next/dist/next-devtools/userspace/app/errors/intercept-console-error.js:56
[ 2741030ms] [ERROR] Payload: null @ webpack-internal:///(app-pages-browser)/./node_modules/next/dist/next-devtools/userspace/app/errors/intercept-console-error.js:56
[ 2741030ms] [ERROR] Error: <HTTP 400> @ webpack-internal:///(app-pages-browser)/./node_modules/next/dist/next-devtools/userspace/app/errors/intercept-console-error.js:56
[ 2741030ms] [ERROR] HTTP Status: 400 @ webpack-internal:///(app-pages-browser)/./node_modules/next/dist/next-devtools/userspace/app/errors/intercept-console-error.js:56
[ 2741031ms] [ERROR] Supabase Error: <HTTP 400> @ webpack-internal:///(app-pages-browser)/./node_modules/next/dist/next-devtools/userspace/app/errors/intercept-console-error.js:56
[ 2741031ms] [ERROR] Suggested Root Cause: Check payload structure, RLS policies, or authentication session state. @ webpack-internal:///(app-pages-browser)/./node_modules/next/dist/next-devtools/userspace/app/errors/intercept-console-error.js:56
[ 2801154ms] [ERROR] Failed to load resource: the server responded with a status of 400 () @ https://ixqrijxdedtbxondzytn.supabase.co/rest/v1/tasks?select=id%2Ctitle%2Cfull_title%2Cpriority%2Creminder_time%2Cdue_time%2Cdue_date&user_id=eq.5e1d3715-4f0c-4473-99e6-1a00220be6d9&completed=eq.false&notification_sent=eq.false&or=%28reminder_time.lte.2026-08-08T13%3A58%3A13.821Z%2Cand%28due_date.eq.2026-08-08%2Cdue_time.lte.19%3A28%29%29:0
[ 2801156ms] [ERROR] Operation: SELECT tasks @ webpack-internal:///(app-pages-browser)/./node_modules/next/dist/next-devtools/userspace/app/errors/intercept-console-error.js:56
[ 2801156ms] [ERROR] Payload: null @ webpack-internal:///(app-pages-browser)/./node_modules/next/dist/next-devtools/userspace/app/errors/intercept-console-error.js:56
[ 2801156ms] [ERROR] Error: <HTTP 400> @ webpack-internal:///(app-pages-browser)/./node_modules/next/dist/next-devtools/userspace/app/errors/intercept-console-error.js:56
[ 2801156ms] [ERROR] HTTP Status: 400 @ webpack-internal:///(app-pages-browser)/./node_modules/next/dist/next-devtools/userspace/app/errors/intercept-console-error.js:56
[ 2801156ms] [ERROR] Supabase Error: <HTTP 400> @ webpack-internal:///(app-pages-browser)/./node_modules/next/dist/next-devtools/userspace/app/errors/intercept-console-error.js:56
[ 2801157ms] [ERROR] Suggested Root Cause: Check payload structure, RLS policies, or authentication session state. @ webpack-internal:///(app-pages-browser)/./node_modules/next/dist/next-devtools/userspace/app/errors/intercept-console-error.js:56
[ 2861394ms] [ERROR] Failed to load resource: the server responded with a status of 400 () @ https://ixqrijxdedtbxondzytn.supabase.co/rest/v1/tasks?select=id%2Ctitle%2Cfull_title%2Cpriority%2Creminder_time%2Cdue_time%2Cdue_date&user_id=eq.5e1d3715-4f0c-4473-99e6-1a00220be6d9&completed=eq.false&notification_sent=eq.false&or=%28reminder_time.lte.2026-08-08T13%3A59%3A13.815Z%2Cand%28due_date.eq.2026-08-08%2Cdue_time.lte.19%3A29%29%29:0
[ 2861395ms] [ERROR] Operation: SELECT tasks @ webpack-internal:///(app-pages-browser)/./node_modules/next/dist/next-devtools/userspace/app/errors/intercept-console-error.js:56
[ 2861395ms] [ERROR] Payload: null @ webpack-internal:///(app-pages-browser)/./node_modules/next/dist/next-devtools/userspace/app/errors/intercept-console-error.js:56
[ 2861395ms] [ERROR] Error: <HTTP 400> @ webpack-internal:///(app-pages-browser)/./node_modules/next/dist/next-devtools/userspace/app/errors/intercept-console-error.js:56
[ 2861395ms] [ERROR] HTTP Status: 400 @ webpack-internal:///(app-pages-browser)/./node_modules/next/dist/next-devtools/userspace/app/errors/intercept-console-error.js:56
[ 2861395ms] [ERROR] Supabase Error: <HTTP 400> @ webpack-internal:///(app-pages-browser)/./node_modules/next/dist/next-devtools/userspace/app/errors/intercept-console-error.js:56
[ 2861395ms] [ERROR] Suggested Root Cause: Check payload structure, RLS policies, or authentication session state. @ webpack-internal:///(app-pages-browser)/./node_modules/next/dist/next-devtools/userspace/app/errors/intercept-console-error.js:56
[ 2921290ms] [ERROR] Failed to load resource: the server responded with a status of 400 () @ https://ixqrijxdedtbxondzytn.supabase.co/rest/v1/tasks?select=id%2Ctitle%2Cfull_title%2Cpriority%2Creminder_time%2Cdue_time%2Cdue_date&user_id=eq.5e1d3715-4f0c-4473-99e6-1a00220be6d9&completed=eq.false&notification_sent=eq.false&or=%28reminder_time.lte.2026-08-08T14%3A00%3A13.815Z%2Cand%28due_date.eq.2026-08-08%2Cdue_time.lte.19%3A30%29%29:0
[ 2921291ms] [ERROR] Operation: SELECT tasks @ webpack-internal:///(app-pages-browser)/./node_modules/next/dist/next-devtools/userspace/app/errors/intercept-console-error.js:56
[ 2921291ms] [ERROR] Payload: null @ webpack-internal:///(app-pages-browser)/./node_modules/next/dist/next-devtools/userspace/app/errors/intercept-console-error.js:56
[ 2921291ms] [ERROR] Error: <HTTP 400> @ webpack-internal:///(app-pages-browser)/./node_modules/next/dist/next-devtools/userspace/app/errors/intercept-console-error.js:56
[ 2921291ms] [ERROR] HTTP Status: 400 @ webpack-internal:///(app-pages-browser)/./node_modules/next/dist/next-devtools/userspace/app/errors/intercept-console-error.js:56
[ 2921291ms] [ERROR] Supabase Error: <HTTP 400> @ webpack-internal:///(app-pages-browser)/./node_modules/next/dist/next-devtools/userspace/app/errors/intercept-console-error.js:56
[ 2921291ms] [ERROR] Suggested Root Cause: Check payload structure, RLS policies, or authentication session state. @ webpack-internal:///(app-pages-browser)/./node_modules/next/dist/next-devtools/userspace/app/errors/intercept-console-error.js:56
[ 2981392ms] [ERROR] Failed to load resource: the server responded with a status of 400 () @ https://ixqrijxdedtbxondzytn.supabase.co/rest/v1/tasks?select=id%2Ctitle%2Cfull_title%2Cpriority%2Creminder_time%2Cdue_time%2Cdue_date&user_id=eq.5e1d3715-4f0c-4473-99e6-1a00220be6d9&completed=eq.false&notification_sent=eq.false&or=%28reminder_time.lte.2026-08-08T14%3A01%3A13.816Z%2Cand%28due_date.eq.2026-08-08%2Cdue_time.lte.19%3A31%29%29:0
[ 2981393ms] [ERROR] Operation: SELECT tasks @ webpack-internal:///(app-pages-browser)/./node_modules/next/dist/next-devtools/userspace/app/errors/intercept-console-error.js:56
[ 2981393ms] [ERROR] Payload: null @ webpack-internal:///(app-pages-browser)/./node_modules/next/dist/next-devtools/userspace/app/errors/intercept-console-error.js:56
[ 2981393ms] [ERROR] Error: <HTTP 400> @ webpack-internal:///(app-pages-browser)/./node_modules/next/dist/next-devtools/userspace/app/errors/intercept-console-error.js:56
[ 2981393ms] [ERROR] HTTP Status: 400 @ webpack-internal:///(app-pages-browser)/./node_modules/next/dist/next-devtools/userspace/app/errors/intercept-console-error.js:56
[ 2981393ms] [ERROR] Supabase Error: <HTTP 400> @ webpack-internal:///(app-pages-browser)/./node_modules/next/dist/next-devtools/userspace/app/errors/intercept-console-error.js:56
[ 2981394ms] [ERROR] Suggested Root Cause: Check payload structure, RLS policies, or authentication session state. @ webpack-internal:///(app-pages-browser)/./node_modules/next/dist/next-devtools/userspace/app/errors/intercept-console-error.js:56
[ 3041118ms] [ERROR] Failed to load resource: the server responded with a status of 400 () @ https://ixqrijxdedtbxondzytn.supabase.co/rest/v1/tasks?select=id%2Ctitle%2Cfull_title%2Cpriority%2Creminder_time%2Cdue_time%2Cdue_date&user_id=eq.5e1d3715-4f0c-4473-99e6-1a00220be6d9&completed=eq.false&notification_sent=eq.false&or=%28reminder_time.lte.2026-08-08T14%3A02%3A13.818Z%2Cand%28due_date.eq.2026-08-08%2Cdue_time.lte.19%3A32%29%29:0
[ 3041119ms] [ERROR] Operation: SELECT tasks @ webpack-internal:///(app-pages-browser)/./node_modules/next/dist/next-devtools/userspace/app/errors/intercept-console-error.js:56
[ 3041119ms] [ERROR] Payload: null @ webpack-internal:///(app-pages-browser)/./node_modules/next/dist/next-devtools/userspace/app/errors/intercept-console-error.js:56
[ 3041119ms] [ERROR] Error: <HTTP 400> @ webpack-internal:///(app-pages-browser)/./node_modules/next/dist/next-devtools/userspace/app/errors/intercept-console-error.js:56
[ 3041119ms] [ERROR] HTTP Status: 400 @ webpack-internal:///(app-pages-browser)/./node_modules/next/dist/next-devtools/userspace/app/errors/intercept-console-error.js:56
[ 3041119ms] [ERROR] Supabase Error: <HTTP 400> @ webpack-internal:///(app-pages-browser)/./node_modules/next/dist/next-devtools/userspace/app/errors/intercept-console-error.js:56
[ 3041120ms] [ERROR] Suggested Root Cause: Check payload structure, RLS policies, or authentication session state. @ webpack-internal:///(app-pages-browser)/./node_modules/next/dist/next-devtools/userspace/app/errors/intercept-console-error.js:56
[ 3101195ms] [ERROR] Failed to load resource: the server responded with a status of 400 () @ https://ixqrijxdedtbxondzytn.supabase.co/rest/v1/tasks?select=id%2Ctitle%2Cfull_title%2Cpriority%2Creminder_time%2Cdue_time%2Cdue_date&user_id=eq.5e1d3715-4f0c-4473-99e6-1a00220be6d9&completed=eq.false&notification_sent=eq.false&or=%28reminder_time.lte.2026-08-08T14%3A03%3A13.819Z%2Cand%28due_date.eq.2026-08-08%2Cdue_time.lte.19%3A33%29%29:0
[ 3101196ms] [ERROR] Operation: SELECT tasks @ webpack-internal:///(app-pages-browser)/./node_modules/next/dist/next-devtools/userspace/app/errors/intercept-console-error.js:56
[ 3101196ms] [ERROR] Payload: null @ webpack-internal:///(app-pages-browser)/./node_modules/next/dist/next-devtools/userspace/app/errors/intercept-console-error.js:56
[ 3101196ms] [ERROR] Error: <HTTP 400> @ webpack-internal:///(app-pages-browser)/./node_modules/next/dist/next-devtools/userspace/app/errors/intercept-console-error.js:56
[ 3101196ms] [ERROR] HTTP Status: 400 @ webpack-internal:///(app-pages-browser)/./node_modules/next/dist/next-devtools/userspace/app/errors/intercept-console-error.js:56
[ 3101197ms] [ERROR] Supabase Error: <HTTP 400> @ webpack-internal:///(app-pages-browser)/./node_modules/next/dist/next-devtools/userspace/app/errors/intercept-console-error.js:56
[ 3101197ms] [ERROR] Suggested Root Cause: Check payload structure, RLS policies, or authentication session state. @ webpack-internal:///(app-pages-browser)/./node_modules/next/dist/next-devtools/userspace/app/errors/intercept-console-error.js:56
[ 3161443ms] [ERROR] Failed to load resource: the server responded with a status of 400 () @ https://ixqrijxdedtbxondzytn.supabase.co/rest/v1/tasks?select=id%2Ctitle%2Cfull_title%2Cpriority%2Creminder_time%2Cdue_time%2Cdue_date&user_id=eq.5e1d3715-4f0c-4473-99e6-1a00220be6d9&completed=eq.false&notification_sent=eq.false&or=%28reminder_time.lte.2026-08-08T14%3A04%3A13.820Z%2Cand%28due_date.eq.2026-08-08%2Cdue_time.lte.19%3A34%29%29:0
[ 3161444ms] [ERROR] Operation: SELECT tasks @ webpack-internal:///(app-pages-browser)/./node_modules/next/dist/next-devtools/userspace/app/errors/intercept-console-error.js:56
[ 3161445ms] [ERROR] Payload: null @ webpack-internal:///(app-pages-browser)/./node_modules/next/dist/next-devtools/userspace/app/errors/intercept-console-error.js:56
[ 3161445ms] [ERROR] Error: <HTTP 400> @ webpack-internal:///(app-pages-browser)/./node_modules/next/dist/next-devtools/userspace/app/errors/intercept-console-error.js:56
[ 3161445ms] [ERROR] HTTP Status: 400 @ webpack-internal:///(app-pages-browser)/./node_modules/next/dist/next-devtools/userspace/app/errors/intercept-console-error.js:56
[ 3161445ms] [ERROR] Supabase Error: <HTTP 400> @ webpack-internal:///(app-pages-browser)/./node_modules/next/dist/next-devtools/userspace/app/errors/intercept-console-error.js:56
[ 3161445ms] [ERROR] Suggested Root Cause: Check payload structure, RLS policies, or authentication session state. @ webpack-internal:///(app-pages-browser)/./node_modules/next/dist/next-devtools/userspace/app/errors/intercept-console-error.js:56
[ 3221023ms] [ERROR] Failed to load resource: the server responded with a status of 400 () @ https://ixqrijxdedtbxondzytn.supabase.co/rest/v1/tasks?select=id%2Ctitle%2Cfull_title%2Cpriority%2Creminder_time%2Cdue_time%2Cdue_date&user_id=eq.5e1d3715-4f0c-4473-99e6-1a00220be6d9&completed=eq.false&notification_sent=eq.false&or=%28reminder_time.lte.2026-08-08T14%3A05%3A13.818Z%2Cand%28due_date.eq.2026-08-08%2Cdue_time.lte.19%3A35%29%29:0
[ 3221024ms] [ERROR] Operation: SELECT tasks @ webpack-internal:///(app-pages-browser)/./node_modules/next/dist/next-devtools/userspace/app/errors/intercept-console-error.js:56
[ 3221024ms] [ERROR] Payload: null @ webpack-internal:///(app-pages-browser)/./node_modules/next/dist/next-devtools/userspace/app/errors/intercept-console-error.js:56
[ 3221024ms] [ERROR] Error: <HTTP 400> @ webpack-internal:///(app-pages-browser)/./node_modules/next/dist/next-devtools/userspace/app/errors/intercept-console-error.js:56
[ 3221024ms] [ERROR] HTTP Status: 400 @ webpack-internal:///(app-pages-browser)/./node_modules/next/dist/next-devtools/userspace/app/errors/intercept-console-error.js:56
[ 3221025ms] [ERROR] Supabase Error: <HTTP 400> @ webpack-internal:///(app-pages-browser)/./node_modules/next/dist/next-devtools/userspace/app/errors/intercept-console-error.js:56
[ 3221025ms] [ERROR] Suggested Root Cause: Check payload structure, RLS policies, or authentication session state. @ webpack-internal:///(app-pages-browser)/./node_modules/next/dist/next-devtools/userspace/app/errors/intercept-console-error.js:56
[ 3281057ms] [ERROR] Failed to load resource: the server responded with a status of 400 () @ https://ixqrijxdedtbxondzytn.supabase.co/rest/v1/tasks?select=id%2Ctitle%2Cfull_title%2Cpriority%2Creminder_time%2Cdue_time%2Cdue_date&user_id=eq.5e1d3715-4f0c-4473-99e6-1a00220be6d9&completed=eq.false&notification_sent=eq.false&or=%28reminder_time.lte.2026-08-08T14%3A06%3A13.823Z%2Cand%28due_date.eq.2026-08-08%2Cdue_time.lte.19%3A36%29%29:0
[ 3281058ms] [ERROR] Operation: SELECT tasks @ webpack-internal:///(app-pages-browser)/./node_modules/next/dist/next-devtools/userspace/app/errors/intercept-console-error.js:56
[ 3281058ms] [ERROR] Payload: null @ webpack-internal:///(app-pages-browser)/./node_modules/next/dist/next-devtools/userspace/app/errors/intercept-console-error.js:56
[ 3281058ms] [ERROR] Error: <HTTP 400> @ webpack-internal:///(app-pages-browser)/./node_modules/next/dist/next-devtools/userspace/app/errors/intercept-console-error.js:56
[ 3281058ms] [ERROR] HTTP Status: 400 @ webpack-internal:///(app-pages-browser)/./node_modules/next/dist/next-devtools/userspace/app/errors/intercept-console-error.js:56
[ 3281059ms] [ERROR] Supabase Error: <HTTP 400> @ webpack-internal:///(app-pages-browser)/./node_modules/next/dist/next-devtools/userspace/app/errors/intercept-console-error.js:56
[ 3281059ms] [ERROR] Suggested Root Cause: Check payload structure, RLS policies, or authentication session state. @ webpack-internal:///(app-pages-browser)/./node_modules/next/dist/next-devtools/userspace/app/errors/intercept-console-error.js:56
[ 3341101ms] [ERROR] Failed to load resource: the server responded with a status of 400 () @ https://ixqrijxdedtbxondzytn.supabase.co/rest/v1/tasks?select=id%2Ctitle%2Cfull_title%2Cpriority%2Creminder_time%2Cdue_time%2Cdue_date&user_id=eq.5e1d3715-4f0c-4473-99e6-1a00220be6d9&completed=eq.false&notification_sent=eq.false&or=%28reminder_time.lte.2026-08-08T14%3A07%3A13.816Z%2Cand%28due_date.eq.2026-08-08%2Cdue_time.lte.19%3A37%29%29:0
[ 3341102ms] [ERROR] Operation: SELECT tasks @ webpack-internal:///(app-pages-browser)/./node_modules/next/dist/next-devtools/userspace/app/errors/intercept-console-error.js:56
[ 3341102ms] [ERROR] Payload: null @ webpack-internal:///(app-pages-browser)/./node_modules/next/dist/next-devtools/userspace/app/errors/intercept-console-error.js:56
[ 3341102ms] [ERROR] Error: <HTTP 400> @ webpack-internal:///(app-pages-browser)/./node_modules/next/dist/next-devtools/userspace/app/errors/intercept-console-error.js:56
[ 3341103ms] [ERROR] HTTP Status: 400 @ webpack-internal:///(app-pages-browser)/./node_modules/next/dist/next-devtools/userspace/app/errors/intercept-console-error.js:56
[ 3341103ms] [ERROR] Supabase Error: <HTTP 400> @ webpack-internal:///(app-pages-browser)/./node_modules/next/dist/next-devtools/userspace/app/errors/intercept-console-error.js:56
[ 3341103ms] [ERROR] Suggested Root Cause: Check payload structure, RLS policies, or authentication session state. @ webpack-internal:///(app-pages-browser)/./node_modules/next/dist/next-devtools/userspace/app/errors/intercept-console-error.js:56
[ 3401140ms] [ERROR] Failed to load resource: the server responded with a status of 400 () @ https://ixqrijxdedtbxondzytn.supabase.co/rest/v1/tasks?select=id%2Ctitle%2Cfull_title%2Cpriority%2Creminder_time%2Cdue_time%2Cdue_date&user_id=eq.5e1d3715-4f0c-4473-99e6-1a00220be6d9&completed=eq.false&notification_sent=eq.false&or=%28reminder_time.lte.2026-08-08T14%3A08%3A13.817Z%2Cand%28due_date.eq.2026-08-08%2Cdue_time.lte.19%3A38%29%29:0
[ 3401142ms] [ERROR] Operation: SELECT tasks @ webpack-internal:///(app-pages-browser)/./node_modules/next/dist/next-devtools/userspace/app/errors/intercept-console-error.js:56
[ 3401142ms] [ERROR] Payload: null @ webpack-internal:///(app-pages-browser)/./node_modules/next/dist/next-devtools/userspace/app/errors/intercept-console-error.js:56
[ 3401142ms] [ERROR] Error: <HTTP 400> @ webpack-internal:///(app-pages-browser)/./node_modules/next/dist/next-devtools/userspace/app/errors/intercept-console-error.js:56
[ 3401142ms] [ERROR] HTTP Status: 400 @ webpack-internal:///(app-pages-browser)/./node_modules/next/dist/next-devtools/userspace/app/errors/intercept-console-error.js:56
[ 3401142ms] [ERROR] Supabase Error: <HTTP 400> @ webpack-internal:///(app-pages-browser)/./node_modules/next/dist/next-devtools/userspace/app/errors/intercept-console-error.js:56
[ 3401143ms] [ERROR] Suggested Root Cause: Check payload structure, RLS policies, or authentication session state. @ webpack-internal:///(app-pages-browser)/./node_modules/next/dist/next-devtools/userspace/app/errors/intercept-console-error.js:56
[ 3461113ms] [ERROR] Failed to load resource: the server responded with a status of 400 () @ https://ixqrijxdedtbxondzytn.supabase.co/rest/v1/tasks?select=id%2Ctitle%2Cfull_title%2Cpriority%2Creminder_time%2Cdue_time%2Cdue_date&user_id=eq.5e1d3715-4f0c-4473-99e6-1a00220be6d9&completed=eq.false&notification_sent=eq.false&or=%28reminder_time.lte.2026-08-08T14%3A09%3A13.819Z%2Cand%28due_date.eq.2026-08-08%2Cdue_time.lte.19%3A39%29%29:0
[ 3461116ms] [ERROR] Operation: SELECT tasks @ webpack-internal:///(app-pages-browser)/./node_modules/next/dist/next-devtools/userspace/app/errors/intercept-console-error.js:56
[ 3461116ms] [ERROR] Payload: null @ webpack-internal:///(app-pages-browser)/./node_modules/next/dist/next-devtools/userspace/app/errors/intercept-console-error.js:56
[ 3461117ms] [ERROR] Error: <HTTP 400> @ webpack-internal:///(app-pages-browser)/./node_modules/next/dist/next-devtools/userspace/app/errors/intercept-console-error.js:56
[ 3461117ms] [ERROR] HTTP Status: 400 @ webpack-internal:///(app-pages-browser)/./node_modules/next/dist/next-devtools/userspace/app/errors/intercept-console-error.js:56
[ 3461117ms] [ERROR] Supabase Error: <HTTP 400> @ webpack-internal:///(app-pages-browser)/./node_modules/next/dist/next-devtools/userspace/app/errors/intercept-console-error.js:56
[ 3461117ms] [ERROR] Suggested Root Cause: Check payload structure, RLS policies, or authentication session state. @ webpack-internal:///(app-pages-browser)/./node_modules/next/dist/next-devtools/userspace/app/errors/intercept-console-error.js:56
[ 3521152ms] [ERROR] Failed to load resource: the server responded with a status of 400 () @ https://ixqrijxdedtbxondzytn.supabase.co/rest/v1/tasks?select=id%2Ctitle%2Cfull_title%2Cpriority%2Creminder_time%2Cdue_time%2Cdue_date&user_id=eq.5e1d3715-4f0c-4473-99e6-1a00220be6d9&completed=eq.false&notification_sent=eq.false&or=%28reminder_time.lte.2026-08-08T14%3A10%3A13.819Z%2Cand%28due_date.eq.2026-08-08%2Cdue_time.lte.19%3A40%29%29:0
[ 3521153ms] [ERROR] Operation: SELECT tasks @ webpack-internal:///(app-pages-browser)/./node_modules/next/dist/next-devtools/userspace/app/errors/intercept-console-error.js:56
[ 3521153ms] [ERROR] Payload: null @ webpack-internal:///(app-pages-browser)/./node_modules/next/dist/next-devtools/userspace/app/errors/intercept-console-error.js:56
[ 3521154ms] [ERROR] Error: <HTTP 400> @ webpack-internal:///(app-pages-browser)/./node_modules/next/dist/next-devtools/userspace/app/errors/intercept-console-error.js:56
[ 3521154ms] [ERROR] HTTP Status: 400 @ webpack-internal:///(app-pages-browser)/./node_modules/next/dist/next-devtools/userspace/app/errors/intercept-console-error.js:56
[ 3521154ms] [ERROR] Supabase Error: <HTTP 400> @ webpack-internal:///(app-pages-browser)/./node_modules/next/dist/next-devtools/userspace/app/errors/intercept-console-error.js:56
[ 3521154ms] [ERROR] Suggested Root Cause: Check payload structure, RLS policies, or authentication session state. @ webpack-internal:///(app-pages-browser)/./node_modules/next/dist/next-devtools/userspace/app/errors/intercept-console-error.js:56
[ 3581293ms] [ERROR] Failed to load resource: the server responded with a status of 400 () @ https://ixqrijxdedtbxondzytn.supabase.co/rest/v1/tasks?select=id%2Ctitle%2Cfull_title%2Cpriority%2Creminder_time%2Cdue_time%2Cdue_date&user_id=eq.5e1d3715-4f0c-4473-99e6-1a00220be6d9&completed=eq.false&notification_sent=eq.false&or=%28reminder_time.lte.2026-08-08T14%3A11%3A13.821Z%2Cand%28due_date.eq.2026-08-08%2Cdue_time.lte.19%3A41%29%29:0
[ 3581295ms] [ERROR] Operation: SELECT tasks @ webpack-internal:///(app-pages-browser)/./node_modules/next/dist/next-devtools/userspace/app/errors/intercept-console-error.js:56
[ 3581295ms] [ERROR] Payload: null @ webpack-internal:///(app-pages-browser)/./node_modules/next/dist/next-devtools/userspace/app/errors/intercept-console-error.js:56
[ 3581295ms] [ERROR] Error: <HTTP 400> @ webpack-internal:///(app-pages-browser)/./node_modules/next/dist/next-devtools/userspace/app/errors/intercept-console-error.js:56
[ 3581295ms] [ERROR] HTTP Status: 400 @ webpack-internal:///(app-pages-browser)/./node_modules/next/dist/next-devtools/userspace/app/errors/intercept-console-error.js:56
[ 3581295ms] [ERROR] Supabase Error: <HTTP 400> @ webpack-internal:///(app-pages-browser)/./node_modules/next/dist/next-devtools/userspace/app/errors/intercept-console-error.js:56
[ 3581295ms] [ERROR] Suggested Root Cause: Check payload structure, RLS policies, or authentication session state. @ webpack-internal:///(app-pages-browser)/./node_modules/next/dist/next-devtools/userspace/app/errors/intercept-console-error.js:56
[ 3641040ms] [ERROR] Failed to load resource: the server responded with a status of 400 () @ https://ixqrijxdedtbxondzytn.supabase.co/rest/v1/tasks?select=id%2Ctitle%2Cfull_title%2Cpriority%2Creminder_time%2Cdue_time%2Cdue_date&user_id=eq.5e1d3715-4f0c-4473-99e6-1a00220be6d9&completed=eq.false&notification_sent=eq.false&or=%28reminder_time.lte.2026-08-08T14%3A12%3A13.817Z%2Cand%28due_date.eq.2026-08-08%2Cdue_time.lte.19%3A42%29%29:0
[ 3641041ms] [ERROR] Operation: SELECT tasks @ webpack-internal:///(app-pages-browser)/./node_modules/next/dist/next-devtools/userspace/app/errors/intercept-console-error.js:56
[ 3641041ms] [ERROR] Payload: null @ webpack-internal:///(app-pages-browser)/./node_modules/next/dist/next-devtools/userspace/app/errors/intercept-console-error.js:56
[ 3641041ms] [ERROR] Error: <HTTP 400> @ webpack-internal:///(app-pages-browser)/./node_modules/next/dist/next-devtools/userspace/app/errors/intercept-console-error.js:56
[ 3641041ms] [ERROR] HTTP Status: 400 @ webpack-internal:///(app-pages-browser)/./node_modules/next/dist/next-devtools/userspace/app/errors/intercept-console-error.js:56
[ 3641041ms] [ERROR] Supabase Error: <HTTP 400> @ webpack-internal:///(app-pages-browser)/./node_modules/next/dist/next-devtools/userspace/app/errors/intercept-console-error.js:56
[ 3641041ms] [ERROR] Suggested Root Cause: Check payload structure, RLS policies, or authentication session state. @ webpack-internal:///(app-pages-browser)/./node_modules/next/dist/next-devtools/userspace/app/errors/intercept-console-error.js:56
[ 3701201ms] [ERROR] Failed to load resource: the server responded with a status of 400 () @ https://ixqrijxdedtbxondzytn.supabase.co/rest/v1/tasks?select=id%2Ctitle%2Cfull_title%2Cpriority%2Creminder_time%2Cdue_time%2Cdue_date&user_id=eq.5e1d3715-4f0c-4473-99e6-1a00220be6d9&completed=eq.false&notification_sent=eq.false&or=%28reminder_time.lte.2026-08-08T14%3A13%3A13.815Z%2Cand%28due_date.eq.2026-08-08%2Cdue_time.lte.19%3A43%29%29:0
[ 3701203ms] [ERROR] Operation: SELECT tasks @ webpack-internal:///(app-pages-browser)/./node_modules/next/dist/next-devtools/userspace/app/errors/intercept-console-error.js:56
[ 3701203ms] [ERROR] Payload: null @ webpack-internal:///(app-pages-browser)/./node_modules/next/dist/next-devtools/userspace/app/errors/intercept-console-error.js:56
[ 3701203ms] [ERROR] Error: <HTTP 400> @ webpack-internal:///(app-pages-browser)/./node_modules/next/dist/next-devtools/userspace/app/errors/intercept-console-error.js:56
[ 3701203ms] [ERROR] HTTP Status: 400 @ webpack-internal:///(app-pages-browser)/./node_modules/next/dist/next-devtools/userspace/app/errors/intercept-console-error.js:56
[ 3701204ms] [ERROR] Supabase Error: <HTTP 400> @ webpack-internal:///(app-pages-browser)/./node_modules/next/dist/next-devtools/userspace/app/errors/intercept-console-error.js:56
[ 3701204ms] [ERROR] Suggested Root Cause: Check payload structure, RLS policies, or authentication session state. @ webpack-internal:///(app-pages-browser)/./node_modules/next/dist/next-devtools/userspace/app/errors/intercept-console-error.js:56
[ 3760993ms] [ERROR] Failed to load resource: the server responded with a status of 400 () @ https://ixqrijxdedtbxondzytn.supabase.co/rest/v1/tasks?select=id%2Ctitle%2Cfull_title%2Cpriority%2Creminder_time%2Cdue_time%2Cdue_date&user_id=eq.5e1d3715-4f0c-4473-99e6-1a00220be6d9&completed=eq.false&notification_sent=eq.false&or=%28reminder_time.lte.2026-08-08T14%3A14%3A13.815Z%2Cand%28due_date.eq.2026-08-08%2Cdue_time.lte.19%3A44%29%29:0
[ 3760994ms] [ERROR] Operation: SELECT tasks @ webpack-internal:///(app-pages-browser)/./node_modules/next/dist/next-devtools/userspace/app/errors/intercept-console-error.js:56
[ 3760994ms] [ERROR] Payload: null @ webpack-internal:///(app-pages-browser)/./node_modules/next/dist/next-devtools/userspace/app/errors/intercept-console-error.js:56
[ 3760994ms] [ERROR] Error: <HTTP 400> @ webpack-internal:///(app-pages-browser)/./node_modules/next/dist/next-devtools/userspace/app/errors/intercept-console-error.js:56
[ 3760994ms] [ERROR] HTTP Status: 400 @ webpack-internal:///(app-pages-browser)/./node_modules/next/dist/next-devtools/userspace/app/errors/intercept-console-error.js:56
[ 3760994ms] [ERROR] Supabase Error: <HTTP 400> @ webpack-internal:///(app-pages-browser)/./node_modules/next/dist/next-devtools/userspace/app/errors/intercept-console-error.js:56
[ 3760995ms] [ERROR] Suggested Root Cause: Check payload structure, RLS policies, or authentication session state. @ webpack-internal:///(app-pages-browser)/./node_modules/next/dist/next-devtools/userspace/app/errors/intercept-console-error.js:56
[ 3821160ms] [ERROR] Failed to load resource: the server responded with a status of 400 () @ https://ixqrijxdedtbxondzytn.supabase.co/rest/v1/tasks?select=id%2Ctitle%2Cfull_title%2Cpriority%2Creminder_time%2Cdue_time%2Cdue_date&user_id=eq.5e1d3715-4f0c-4473-99e6-1a00220be6d9&completed=eq.false&notification_sent=eq.false&or=%28reminder_time.lte.2026-08-08T14%3A15%3A13.817Z%2Cand%28due_date.eq.2026-08-08%2Cdue_time.lte.19%3A45%29%29:0
[ 3821160ms] [ERROR] Operation: SELECT tasks @ webpack-internal:///(app-pages-browser)/./node_modules/next/dist/next-devtools/userspace/app/errors/intercept-console-error.js:56
[ 3821161ms] [ERROR] Payload: null @ webpack-internal:///(app-pages-browser)/./node_modules/next/dist/next-devtools/userspace/app/errors/intercept-console-error.js:56
[ 3821161ms] [ERROR] Error: <HTTP 400> @ webpack-internal:///(app-pages-browser)/./node_modules/next/dist/next-devtools/userspace/app/errors/intercept-console-error.js:56
[ 3821161ms] [ERROR] HTTP Status: 400 @ webpack-internal:///(app-pages-browser)/./node_modules/next/dist/next-devtools/userspace/app/errors/intercept-console-error.js:56
[ 3821161ms] [ERROR] Supabase Error: <HTTP 400> @ webpack-internal:///(app-pages-browser)/./node_modules/next/dist/next-devtools/userspace/app/errors/intercept-console-error.js:56
[ 3821161ms] [ERROR] Suggested Root Cause: Check payload structure, RLS policies, or authentication session state. @ webpack-internal:///(app-pages-browser)/./node_modules/next/dist/next-devtools/userspace/app/errors/intercept-console-error.js:56
[ 3881118ms] [ERROR] Failed to load resource: the server responded with a status of 400 () @ https://ixqrijxdedtbxondzytn.supabase.co/rest/v1/tasks?select=id%2Ctitle%2Cfull_title%2Cpriority%2Creminder_time%2Cdue_time%2Cdue_date&user_id=eq.5e1d3715-4f0c-4473-99e6-1a00220be6d9&completed=eq.false&notification_sent=eq.false&or=%28reminder_time.lte.2026-08-08T14%3A16%3A13.819Z%2Cand%28due_date.eq.2026-08-08%2Cdue_time.lte.19%3A46%29%29:0
[ 3881120ms] [ERROR] Operation: SELECT tasks @ webpack-internal:///(app-pages-browser)/./node_modules/next/dist/next-devtools/userspace/app/errors/intercept-console-error.js:56
[ 3881120ms] [ERROR] Payload: null @ webpack-internal:///(app-pages-browser)/./node_modules/next/dist/next-devtools/userspace/app/errors/intercept-console-error.js:56
[ 3881120ms] [ERROR] Error: <HTTP 400> @ webpack-internal:///(app-pages-browser)/./node_modules/next/dist/next-devtools/userspace/app/errors/intercept-console-error.js:56
[ 3881120ms] [ERROR] HTTP Status: 400 @ webpack-internal:///(app-pages-browser)/./node_modules/next/dist/next-devtools/userspace/app/errors/intercept-console-error.js:56
[ 3881120ms] [ERROR] Supabase Error: <HTTP 400> @ webpack-internal:///(app-pages-browser)/./node_modules/next/dist/next-devtools/userspace/app/errors/intercept-console-error.js:56
[ 3881120ms] [ERROR] Suggested Root Cause: Check payload structure, RLS policies, or authentication session state. @ webpack-internal:///(app-pages-browser)/./node_modules/next/dist/next-devtools/userspace/app/errors/intercept-console-error.js:56
[ 3941098ms] [ERROR] Failed to load resource: the server responded with a status of 400 () @ https://ixqrijxdedtbxondzytn.supabase.co/rest/v1/tasks?select=id%2Ctitle%2Cfull_title%2Cpriority%2Creminder_time%2Cdue_time%2Cdue_date&user_id=eq.5e1d3715-4f0c-4473-99e6-1a00220be6d9&completed=eq.false&notification_sent=eq.false&or=%28reminder_time.lte.2026-08-08T14%3A17%3A13.816Z%2Cand%28due_date.eq.2026-08-08%2Cdue_time.lte.19%3A47%29%29:0
[ 3941100ms] [ERROR] Operation: SELECT tasks @ webpack-internal:///(app-pages-browser)/./node_modules/next/dist/next-devtools/userspace/app/errors/intercept-console-error.js:56
[ 3941101ms] [ERROR] Payload: null @ webpack-internal:///(app-pages-browser)/./node_modules/next/dist/next-devtools/userspace/app/errors/intercept-console-error.js:56
[ 3941101ms] [ERROR] Error: <HTTP 400> @ webpack-internal:///(app-pages-browser)/./node_modules/next/dist/next-devtools/userspace/app/errors/intercept-console-error.js:56
[ 3941101ms] [ERROR] HTTP Status: 400 @ webpack-internal:///(app-pages-browser)/./node_modules/next/dist/next-devtools/userspace/app/errors/intercept-console-error.js:56
[ 3941101ms] [ERROR] Supabase Error: <HTTP 400> @ webpack-internal:///(app-pages-browser)/./node_modules/next/dist/next-devtools/userspace/app/errors/intercept-console-error.js:56
[ 3941101ms] [ERROR] Suggested Root Cause: Check payload structure, RLS policies, or authentication session state. @ webpack-internal:///(app-pages-browser)/./node_modules/next/dist/next-devtools/userspace/app/errors/intercept-console-error.js:56
[ 4001038ms] [ERROR] Failed to load resource: the server responded with a status of 400 () @ https://ixqrijxdedtbxondzytn.supabase.co/rest/v1/tasks?select=id%2Ctitle%2Cfull_title%2Cpriority%2Creminder_time%2Cdue_time%2Cdue_date&user_id=eq.5e1d3715-4f0c-4473-99e6-1a00220be6d9&completed=eq.false&notification_sent=eq.false&or=%28reminder_time.lte.2026-08-08T14%3A18%3A13.816Z%2Cand%28due_date.eq.2026-08-08%2Cdue_time.lte.19%3A48%29%29:0
[ 4001039ms] [ERROR] Operation: SELECT tasks @ webpack-internal:///(app-pages-browser)/./node_modules/next/dist/next-devtools/userspace/app/errors/intercept-console-error.js:56
[ 4001039ms] [ERROR] Payload: null @ webpack-internal:///(app-pages-browser)/./node_modules/next/dist/next-devtools/userspace/app/errors/intercept-console-error.js:56
[ 4001039ms] [ERROR] Error: <HTTP 400> @ webpack-internal:///(app-pages-browser)/./node_modules/next/dist/next-devtools/userspace/app/errors/intercept-console-error.js:56
[ 4001039ms] [ERROR] HTTP Status: 400 @ webpack-internal:///(app-pages-browser)/./node_modules/next/dist/next-devtools/userspace/app/errors/intercept-console-error.js:56
[ 4001040ms] [ERROR] Supabase Error: <HTTP 400> @ webpack-internal:///(app-pages-browser)/./node_modules/next/dist/next-devtools/userspace/app/errors/intercept-console-error.js:56
[ 4001040ms] [ERROR] Suggested Root Cause: Check payload structure, RLS policies, or authentication session state. @ webpack-internal:///(app-pages-browser)/./node_modules/next/dist/next-devtools/userspace/app/errors/intercept-console-error.js:56
[ 4061212ms] [ERROR] Failed to load resource: the server responded with a status of 400 () @ https://ixqrijxdedtbxondzytn.supabase.co/rest/v1/tasks?select=id%2Ctitle%2Cfull_title%2Cpriority%2Creminder_time%2Cdue_time%2Cdue_date&user_id=eq.5e1d3715-4f0c-4473-99e6-1a00220be6d9&completed=eq.false&notification_sent=eq.false&or=%28reminder_time.lte.2026-08-08T14%3A19%3A13.823Z%2Cand%28due_date.eq.2026-08-08%2Cdue_time.lte.19%3A49%29%29:0
[ 4061213ms] [ERROR] Operation: SELECT tasks @ webpack-internal:///(app-pages-browser)/./node_modules/next/dist/next-devtools/userspace/app/errors/intercept-console-error.js:56
[ 4061213ms] [ERROR] Payload: null @ webpack-internal:///(app-pages-browser)/./node_modules/next/dist/next-devtools/userspace/app/errors/intercept-console-error.js:56
[ 4061213ms] [ERROR] Error: <HTTP 400> @ webpack-internal:///(app-pages-browser)/./node_modules/next/dist/next-devtools/userspace/app/errors/intercept-console-error.js:56
[ 4061213ms] [ERROR] HTTP Status: 400 @ webpack-internal:///(app-pages-browser)/./node_modules/next/dist/next-devtools/userspace/app/errors/intercept-console-error.js:56
[ 4061213ms] [ERROR] Supabase Error: <HTTP 400> @ webpack-internal:///(app-pages-browser)/./node_modules/next/dist/next-devtools/userspace/app/errors/intercept-console-error.js:56
[ 4061214ms] [ERROR] Suggested Root Cause: Check payload structure, RLS policies, or authentication session state. @ webpack-internal:///(app-pages-browser)/./node_modules/next/dist/next-devtools/userspace/app/errors/intercept-console-error.js:56
[ 4121116ms] [ERROR] Failed to load resource: the server responded with a status of 400 () @ https://ixqrijxdedtbxondzytn.supabase.co/rest/v1/tasks?select=id%2Ctitle%2Cfull_title%2Cpriority%2Creminder_time%2Cdue_time%2Cdue_date&user_id=eq.5e1d3715-4f0c-4473-99e6-1a00220be6d9&completed=eq.false&notification_sent=eq.false&or=%28reminder_time.lte.2026-08-08T14%3A20%3A13.819Z%2Cand%28due_date.eq.2026-08-08%2Cdue_time.lte.19%3A50%29%29:0
[ 4121117ms] [ERROR] Operation: SELECT tasks @ webpack-internal:///(app-pages-browser)/./node_modules/next/dist/next-devtools/userspace/app/errors/intercept-console-error.js:56
[ 4121118ms] [ERROR] Payload: null @ webpack-internal:///(app-pages-browser)/./node_modules/next/dist/next-devtools/userspace/app/errors/intercept-console-error.js:56
[ 4121118ms] [ERROR] Error: <HTTP 400> @ webpack-internal:///(app-pages-browser)/./node_modules/next/dist/next-devtools/userspace/app/errors/intercept-console-error.js:56
[ 4121118ms] [ERROR] HTTP Status: 400 @ webpack-internal:///(app-pages-browser)/./node_modules/next/dist/next-devtools/userspace/app/errors/intercept-console-error.js:56
[ 4121118ms] [ERROR] Supabase Error: <HTTP 400> @ webpack-internal:///(app-pages-browser)/./node_modules/next/dist/next-devtools/userspace/app/errors/intercept-console-error.js:56
[ 4121118ms] [ERROR] Suggested Root Cause: Check payload structure, RLS policies, or authentication session state. @ webpack-internal:///(app-pages-browser)/./node_modules/next/dist/next-devtools/userspace/app/errors/intercept-console-error.js:56
[ 4181120ms] [ERROR] Failed to load resource: the server responded with a status of 400 () @ https://ixqrijxdedtbxondzytn.supabase.co/rest/v1/tasks?select=id%2Ctitle%2Cfull_title%2Cpriority%2Creminder_time%2Cdue_time%2Cdue_date&user_id=eq.5e1d3715-4f0c-4473-99e6-1a00220be6d9&completed=eq.false&notification_sent=eq.false&or=%28reminder_time.lte.2026-08-08T14%3A21%3A13.816Z%2Cand%28due_date.eq.2026-08-08%2Cdue_time.lte.19%3A51%29%29:0
[ 4181123ms] [ERROR] Operation: SELECT tasks @ webpack-internal:///(app-pages-browser)/./node_modules/next/dist/next-devtools/userspace/app/errors/intercept-console-error.js:56
[ 4181124ms] [ERROR] Payload: null @ webpack-internal:///(app-pages-browser)/./node_modules/next/dist/next-devtools/userspace/app/errors/intercept-console-error.js:56
[ 4181124ms] [ERROR] Error: <HTTP 400> @ webpack-internal:///(app-pages-browser)/./node_modules/next/dist/next-devtools/userspace/app/errors/intercept-console-error.js:56
[ 4181124ms] [ERROR] HTTP Status: 400 @ webpack-internal:///(app-pages-browser)/./node_modules/next/dist/next-devtools/userspace/app/errors/intercept-console-error.js:56
[ 4181124ms] [ERROR] Supabase Error: <HTTP 400> @ webpack-internal:///(app-pages-browser)/./node_modules/next/dist/next-devtools/userspace/app/errors/intercept-console-error.js:56
[ 4181124ms] [ERROR] Suggested Root Cause: Check payload structure, RLS policies, or authentication session state. @ webpack-internal:///(app-pages-browser)/./node_modules/next/dist/next-devtools/userspace/app/errors/intercept-console-error.js:56
[ 4241429ms] [ERROR] Failed to load resource: the server responded with a status of 400 () @ https://ixqrijxdedtbxondzytn.supabase.co/rest/v1/tasks?select=id%2Ctitle%2Cfull_title%2Cpriority%2Creminder_time%2Cdue_time%2Cdue_date&user_id=eq.5e1d3715-4f0c-4473-99e6-1a00220be6d9&completed=eq.false&notification_sent=eq.false&or=%28reminder_time.lte.2026-08-08T14%3A22%3A13.817Z%2Cand%28due_date.eq.2026-08-08%2Cdue_time.lte.19%3A52%29%29:0
[ 4241431ms] [ERROR] Operation: SELECT tasks @ webpack-internal:///(app-pages-browser)/./node_modules/next/dist/next-devtools/userspace/app/errors/intercept-console-error.js:56
[ 4241431ms] [ERROR] Payload: null @ webpack-internal:///(app-pages-browser)/./node_modules/next/dist/next-devtools/userspace/app/errors/intercept-console-error.js:56
[ 4241431ms] [ERROR] Error: <HTTP 400> @ webpack-internal:///(app-pages-browser)/./node_modules/next/dist/next-devtools/userspace/app/errors/intercept-console-error.js:56
[ 4241431ms] [ERROR] HTTP Status: 400 @ webpack-internal:///(app-pages-browser)/./node_modules/next/dist/next-devtools/userspace/app/errors/intercept-console-error.js:56
[ 4241431ms] [ERROR] Supabase Error: <HTTP 400> @ webpack-internal:///(app-pages-browser)/./node_modules/next/dist/next-devtools/userspace/app/errors/intercept-console-error.js:56
[ 4241431ms] [ERROR] Suggested Root Cause: Check payload structure, RLS policies, or authentication session state. @ webpack-internal:///(app-pages-browser)/./node_modules/next/dist/next-devtools/userspace/app/errors/intercept-console-error.js:56
[ 4301128ms] [ERROR] Failed to load resource: the server responded with a status of 400 () @ https://ixqrijxdedtbxondzytn.supabase.co/rest/v1/tasks?select=id%2Ctitle%2Cfull_title%2Cpriority%2Creminder_time%2Cdue_time%2Cdue_date&user_id=eq.5e1d3715-4f0c-4473-99e6-1a00220be6d9&completed=eq.false&notification_sent=eq.false&or=%28reminder_time.lte.2026-08-08T14%3A23%3A13.819Z%2Cand%28due_date.eq.2026-08-08%2Cdue_time.lte.19%3A53%29%29:0
[ 4301129ms] [ERROR] Operation: SELECT tasks @ webpack-internal:///(app-pages-browser)/./node_modules/next/dist/next-devtools/userspace/app/errors/intercept-console-error.js:56
[ 4301129ms] [ERROR] Payload: null @ webpack-internal:///(app-pages-browser)/./node_modules/next/dist/next-devtools/userspace/app/errors/intercept-console-error.js:56
[ 4301129ms] [ERROR] Error: <HTTP 400> @ webpack-internal:///(app-pages-browser)/./node_modules/next/dist/next-devtools/userspace/app/errors/intercept-console-error.js:56
[ 4301129ms] [ERROR] HTTP Status: 400 @ webpack-internal:///(app-pages-browser)/./node_modules/next/dist/next-devtools/userspace/app/errors/intercept-console-error.js:56
[ 4301130ms] [ERROR] Supabase Error: <HTTP 400> @ webpack-internal:///(app-pages-browser)/./node_modules/next/dist/next-devtools/userspace/app/errors/intercept-console-error.js:56
[ 4301130ms] [ERROR] Suggested Root Cause: Check payload structure, RLS policies, or authentication session state. @ webpack-internal:///(app-pages-browser)/./node_modules/next/dist/next-devtools/userspace/app/errors/intercept-console-error.js:56
[ 4361125ms] [ERROR] Failed to load resource: the server responded with a status of 400 () @ https://ixqrijxdedtbxondzytn.supabase.co/rest/v1/tasks?select=id%2Ctitle%2Cfull_title%2Cpriority%2Creminder_time%2Cdue_time%2Cdue_date&user_id=eq.5e1d3715-4f0c-4473-99e6-1a00220be6d9&completed=eq.false&notification_sent=eq.false&or=%28reminder_time.lte.2026-08-08T14%3A24%3A13.820Z%2Cand%28due_date.eq.2026-08-08%2Cdue_time.lte.19%3A54%29%29:0
[ 4361126ms] [ERROR] Operation: SELECT tasks @ webpack-internal:///(app-pages-browser)/./node_modules/next/dist/next-devtools/userspace/app/errors/intercept-console-error.js:56
[ 4361126ms] [ERROR] Payload: null @ webpack-internal:///(app-pages-browser)/./node_modules/next/dist/next-devtools/userspace/app/errors/intercept-console-error.js:56
[ 4361126ms] [ERROR] Error: <HTTP 400> @ webpack-internal:///(app-pages-browser)/./node_modules/next/dist/next-devtools/userspace/app/errors/intercept-console-error.js:56
[ 4361126ms] [ERROR] HTTP Status: 400 @ webpack-internal:///(app-pages-browser)/./node_modules/next/dist/next-devtools/userspace/app/errors/intercept-console-error.js:56
[ 4361126ms] [ERROR] Supabase Error: <HTTP 400> @ webpack-internal:///(app-pages-browser)/./node_modules/next/dist/next-devtools/userspace/app/errors/intercept-console-error.js:56
[ 4361126ms] [ERROR] Suggested Root Cause: Check payload structure, RLS policies, or authentication session state. @ webpack-internal:///(app-pages-browser)/./node_modules/next/dist/next-devtools/userspace/app/errors/intercept-console-error.js:56
[ 4377027ms] [ERROR] Failed to load resource: the server responded with a status of 400 () @ https://ixqrijxdedtbxondzytn.supabase.co/rest/v1/tasks?select=id%2Ctitle%2Cfull_title%2Cpriority%2Creminder_time%2Cdue_time%2Cdue_date&user_id=eq.5e1d3715-4f0c-4473-99e6-1a00220be6d9&completed=eq.false&notification_sent=eq.false&or=%28reminder_time.lte.%222026-08-08T14%3A24%3A29.552Z%22%2Cand%28due_date.eq.%222026-08-08%22%2Cdue_time.lte.%2219%3A54%22%29%29:0
[ 4377028ms] [ERROR] Operation: SELECT tasks @ webpack-internal:///(app-pages-browser)/./node_modules/next/dist/next-devtools/userspace/app/errors/intercept-console-error.js:56
[ 4377029ms] [ERROR] Payload: null @ webpack-internal:///(app-pages-browser)/./node_modules/next/dist/next-devtools/userspace/app/errors/intercept-console-error.js:56
[ 4377029ms] [ERROR] Error: <HTTP 400> @ webpack-internal:///(app-pages-browser)/./node_modules/next/dist/next-devtools/userspace/app/errors/intercept-console-error.js:56
[ 4377029ms] [ERROR] HTTP Status: 400 @ webpack-internal:///(app-pages-browser)/./node_modules/next/dist/next-devtools/userspace/app/errors/intercept-console-error.js:56
[ 4377029ms] [ERROR] Supabase Error: <HTTP 400> @ webpack-internal:///(app-pages-browser)/./node_modules/next/dist/next-devtools/userspace/app/errors/intercept-console-error.js:56
[ 4377029ms] [ERROR] Suggested Root Cause: Check payload structure, RLS policies, or authentication session state. @ webpack-internal:///(app-pages-browser)/./node_modules/next/dist/next-devtools/userspace/app/errors/intercept-console-error.js:56
[ 4377525ms] [ERROR] Failed to load resource: the server responded with a status of 400 () @ https://ixqrijxdedtbxondzytn.supabase.co/rest/v1/tasks?select=id%2Ctitle%2Cfull_title%2Cpriority%2Creminder_time%2Cdue_time%2Cdue_date&user_id=eq.5e1d3715-4f0c-4473-99e6-1a00220be6d9&completed=eq.false&notification_sent=eq.false&or=%28reminder_time.lte.%222026-08-08T14%3A24%3A30.111Z%22%2Cand%28due_date.eq.%222026-08-08%22%2Cdue_time.lte.%2219%3A54%22%29%29:0
[ 4377527ms] [ERROR] Operation: SELECT tasks @ webpack-internal:///(app-pages-browser)/./node_modules/next/dist/next-devtools/userspace/app/errors/intercept-console-error.js:56
[ 4377527ms] [ERROR] Payload: null @ webpack-internal:///(app-pages-browser)/./node_modules/next/dist/next-devtools/userspace/app/errors/intercept-console-error.js:56
[ 4377527ms] [ERROR] Error: <HTTP 400> @ webpack-internal:///(app-pages-browser)/./node_modules/next/dist/next-devtools/userspace/app/errors/intercept-console-error.js:56
[ 4377527ms] [ERROR] HTTP Status: 400 @ webpack-internal:///(app-pages-browser)/./node_modules/next/dist/next-devtools/userspace/app/errors/intercept-console-error.js:56
[ 4377527ms] [ERROR] Supabase Error: <HTTP 400> @ webpack-internal:///(app-pages-browser)/./node_modules/next/dist/next-devtools/userspace/app/errors/intercept-console-error.js:56
[ 4377527ms] [ERROR] Suggested Root Cause: Check payload structure, RLS policies, or authentication session state. @ webpack-internal:///(app-pages-browser)/./node_modules/next/dist/next-devtools/userspace/app/errors/intercept-console-error.js:56
[ 4437468ms] [ERROR] Failed to load resource: the server responded with a status of 400 () @ https://ixqrijxdedtbxondzytn.supabase.co/rest/v1/tasks?select=id%2Ctitle%2Cfull_title%2Cpriority%2Creminder_time%2Cdue_time%2Cdue_date&user_id=eq.5e1d3715-4f0c-4473-99e6-1a00220be6d9&completed=eq.false&notification_sent=eq.false&or=%28reminder_time.lte.%222026-08-08T14%3A25%3A30.112Z%22%2Cand%28due_date.eq.%222026-08-08%22%2Cdue_time.lte.%2219%3A55%22%29%29:0
[ 4437469ms] [ERROR] Operation: SELECT tasks @ webpack-internal:///(app-pages-browser)/./node_modules/next/dist/next-devtools/userspace/app/errors/intercept-console-error.js:56
[ 4437469ms] [ERROR] Payload: null @ webpack-internal:///(app-pages-browser)/./node_modules/next/dist/next-devtools/userspace/app/errors/intercept-console-error.js:56
[ 4437469ms] [ERROR] Error: <HTTP 400> @ webpack-internal:///(app-pages-browser)/./node_modules/next/dist/next-devtools/userspace/app/errors/intercept-console-error.js:56
[ 4437470ms] [ERROR] HTTP Status: 400 @ webpack-internal:///(app-pages-browser)/./node_modules/next/dist/next-devtools/userspace/app/errors/intercept-console-error.js:56
[ 4437470ms] [ERROR] Supabase Error: <HTTP 400> @ webpack-internal:///(app-pages-browser)/./node_modules/next/dist/next-devtools/userspace/app/errors/intercept-console-error.js:56
[ 4437470ms] [ERROR] Suggested Root Cause: Check payload structure, RLS policies, or authentication session state. @ webpack-internal:///(app-pages-browser)/./node_modules/next/dist/next-devtools/userspace/app/errors/intercept-console-error.js:56
[ 4497694ms] [ERROR] Failed to load resource: the server responded with a status of 400 () @ https://ixqrijxdedtbxondzytn.supabase.co/rest/v1/tasks?select=id%2Ctitle%2Cfull_title%2Cpriority%2Creminder_time%2Cdue_time%2Cdue_date&user_id=eq.5e1d3715-4f0c-4473-99e6-1a00220be6d9&completed=eq.false&notification_sent=eq.false&or=%28reminder_time.lte.%222026-08-08T14%3A26%3A30.113Z%22%2Cand%28due_date.eq.%222026-08-08%22%2Cdue_time.lte.%2219%3A56%22%29%29:0
[ 4497695ms] [ERROR] Operation: SELECT tasks @ webpack-internal:///(app-pages-browser)/./node_modules/next/dist/next-devtools/userspace/app/errors/intercept-console-error.js:56
[ 4497695ms] [ERROR] Payload: null @ webpack-internal:///(app-pages-browser)/./node_modules/next/dist/next-devtools/userspace/app/errors/intercept-console-error.js:56
[ 4497696ms] [ERROR] Error: <HTTP 400> @ webpack-internal:///(app-pages-browser)/./node_modules/next/dist/next-devtools/userspace/app/errors/intercept-console-error.js:56
[ 4497696ms] [ERROR] HTTP Status: 400 @ webpack-internal:///(app-pages-browser)/./node_modules/next/dist/next-devtools/userspace/app/errors/intercept-console-error.js:56
[ 4497696ms] [ERROR] Supabase Error: <HTTP 400> @ webpack-internal:///(app-pages-browser)/./node_modules/next/dist/next-devtools/userspace/app/errors/intercept-console-error.js:56
[ 4497696ms] [ERROR] Suggested Root Cause: Check payload structure, RLS policies, or authentication session state. @ webpack-internal:///(app-pages-browser)/./node_modules/next/dist/next-devtools/userspace/app/errors/intercept-console-error.js:56
[ 4557323ms] [ERROR] Failed to load resource: the server responded with a status of 400 () @ https://ixqrijxdedtbxondzytn.supabase.co/rest/v1/tasks?select=id%2Ctitle%2Cfull_title%2Cpriority%2Creminder_time%2Cdue_time%2Cdue_date&user_id=eq.5e1d3715-4f0c-4473-99e6-1a00220be6d9&completed=eq.false&notification_sent=eq.false&or=%28reminder_time.lte.%222026-08-08T14%3A27%3A30.114Z%22%2Cand%28due_date.eq.%222026-08-08%22%2Cdue_time.lte.%2219%3A57%22%29%29:0
[ 4557325ms] [ERROR] Operation: SELECT tasks @ webpack-internal:///(app-pages-browser)/./node_modules/next/dist/next-devtools/userspace/app/errors/intercept-console-error.js:56
[ 4557325ms] [ERROR] Payload: null @ webpack-internal:///(app-pages-browser)/./node_modules/next/dist/next-devtools/userspace/app/errors/intercept-console-error.js:56
[ 4557325ms] [ERROR] Error: <HTTP 400> @ webpack-internal:///(app-pages-browser)/./node_modules/next/dist/next-devtools/userspace/app/errors/intercept-console-error.js:56
[ 4557325ms] [ERROR] HTTP Status: 400 @ webpack-internal:///(app-pages-browser)/./node_modules/next/dist/next-devtools/userspace/app/errors/intercept-console-error.js:56
[ 4557325ms] [ERROR] Supabase Error: <HTTP 400> @ webpack-internal:///(app-pages-browser)/./node_modules/next/dist/next-devtools/userspace/app/errors/intercept-console-error.js:56
[ 4557325ms] [ERROR] Suggested Root Cause: Check payload structure, RLS policies, or authentication session state. @ webpack-internal:///(app-pages-browser)/./node_modules/next/dist/next-devtools/userspace/app/errors/intercept-console-error.js:56
[ 4617382ms] [ERROR] Failed to load resource: the server responded with a status of 400 () @ https://ixqrijxdedtbxondzytn.supabase.co/rest/v1/tasks?select=id%2Ctitle%2Cfull_title%2Cpriority%2Creminder_time%2Cdue_time%2Cdue_date&user_id=eq.5e1d3715-4f0c-4473-99e6-1a00220be6d9&completed=eq.false&notification_sent=eq.false&or=%28reminder_time.lte.%222026-08-08T14%3A28%3A30.116Z%22%2Cand%28due_date.eq.%222026-08-08%22%2Cdue_time.lte.%2219%3A58%22%29%29:0
[ 4617383ms] [ERROR] Operation: SELECT tasks @ webpack-internal:///(app-pages-browser)/./node_modules/next/dist/next-devtools/userspace/app/errors/intercept-console-error.js:56
[ 4617383ms] [ERROR] Payload: null @ webpack-internal:///(app-pages-browser)/./node_modules/next/dist/next-devtools/userspace/app/errors/intercept-console-error.js:56
[ 4617383ms] [ERROR] Error: <HTTP 400> @ webpack-internal:///(app-pages-browser)/./node_modules/next/dist/next-devtools/userspace/app/errors/intercept-console-error.js:56
[ 4617384ms] [ERROR] HTTP Status: 400 @ webpack-internal:///(app-pages-browser)/./node_modules/next/dist/next-devtools/userspace/app/errors/intercept-console-error.js:56
[ 4617384ms] [ERROR] Supabase Error: <HTTP 400> @ webpack-internal:///(app-pages-browser)/./node_modules/next/dist/next-devtools/userspace/app/errors/intercept-console-error.js:56
[ 4617384ms] [ERROR] Suggested Root Cause: Check payload structure, RLS policies, or authentication session state. @ webpack-internal:///(app-pages-browser)/./node_modules/next/dist/next-devtools/userspace/app/errors/intercept-console-error.js:56
[ 4677451ms] [ERROR] Failed to load resource: the server responded with a status of 400 () @ https://ixqrijxdedtbxondzytn.supabase.co/rest/v1/tasks?select=id%2Ctitle%2Cfull_title%2Cpriority%2Creminder_time%2Cdue_time%2Cdue_date&user_id=eq.5e1d3715-4f0c-4473-99e6-1a00220be6d9&completed=eq.false&notification_sent=eq.false&or=%28reminder_time.lte.%222026-08-08T14%3A29%3A30.116Z%22%2Cand%28due_date.eq.%222026-08-08%22%2Cdue_time.lte.%2219%3A59%22%29%29:0
[ 4677452ms] [ERROR] Operation: SELECT tasks @ webpack-internal:///(app-pages-browser)/./node_modules/next/dist/next-devtools/userspace/app/errors/intercept-console-error.js:56
[ 4677452ms] [ERROR] Payload: null @ webpack-internal:///(app-pages-browser)/./node_modules/next/dist/next-devtools/userspace/app/errors/intercept-console-error.js:56
[ 4677453ms] [ERROR] Error: <HTTP 400> @ webpack-internal:///(app-pages-browser)/./node_modules/next/dist/next-devtools/userspace/app/errors/intercept-console-error.js:56
[ 4677453ms] [ERROR] HTTP Status: 400 @ webpack-internal:///(app-pages-browser)/./node_modules/next/dist/next-devtools/userspace/app/errors/intercept-console-error.js:56
[ 4677453ms] [ERROR] Supabase Error: <HTTP 400> @ webpack-internal:///(app-pages-browser)/./node_modules/next/dist/next-devtools/userspace/app/errors/intercept-console-error.js:56
[ 4677453ms] [ERROR] Suggested Root Cause: Check payload structure, RLS policies, or authentication session state. @ webpack-internal:///(app-pages-browser)/./node_modules/next/dist/next-devtools/userspace/app/errors/intercept-console-error.js:56
[ 4737403ms] [ERROR] Failed to load resource: the server responded with a status of 400 () @ https://ixqrijxdedtbxondzytn.supabase.co/rest/v1/tasks?select=id%2Ctitle%2Cfull_title%2Cpriority%2Creminder_time%2Cdue_time%2Cdue_date&user_id=eq.5e1d3715-4f0c-4473-99e6-1a00220be6d9&completed=eq.false&notification_sent=eq.false&or=%28reminder_time.lte.%222026-08-08T14%3A30%3A30.118Z%22%2Cand%28due_date.eq.%222026-08-08%22%2Cdue_time.lte.%2220%3A00%22%29%29:0
[ 4737404ms] [ERROR] Operation: SELECT tasks @ webpack-internal:///(app-pages-browser)/./node_modules/next/dist/next-devtools/userspace/app/errors/intercept-console-error.js:56
[ 4737404ms] [ERROR] Payload: null @ webpack-internal:///(app-pages-browser)/./node_modules/next/dist/next-devtools/userspace/app/errors/intercept-console-error.js:56
[ 4737404ms] [ERROR] Error: <HTTP 400> @ webpack-internal:///(app-pages-browser)/./node_modules/next/dist/next-devtools/userspace/app/errors/intercept-console-error.js:56
[ 4737405ms] [ERROR] HTTP Status: 400 @ webpack-internal:///(app-pages-browser)/./node_modules/next/dist/next-devtools/userspace/app/errors/intercept-console-error.js:56
[ 4737405ms] [ERROR] Supabase Error: <HTTP 400> @ webpack-internal:///(app-pages-browser)/./node_modules/next/dist/next-devtools/userspace/app/errors/intercept-console-error.js:56
[ 4737405ms] [ERROR] Suggested Root Cause: Check payload structure, RLS policies, or authentication session state. @ webpack-internal:///(app-pages-browser)/./node_modules/next/dist/next-devtools/userspace/app/errors/intercept-console-error.js:56
[ 4797805ms] [ERROR] Failed to load resource: the server responded with a status of 400 () @ https://ixqrijxdedtbxondzytn.supabase.co/rest/v1/tasks?select=id%2Ctitle%2Cfull_title%2Cpriority%2Creminder_time%2Cdue_time%2Cdue_date&user_id=eq.5e1d3715-4f0c-4473-99e6-1a00220be6d9&completed=eq.false&notification_sent=eq.false&or=%28reminder_time.lte.%222026-08-08T14%3A31%3A30.112Z%22%2Cand%28due_date.eq.%222026-08-08%22%2Cdue_time.lte.%2220%3A01%22%29%29:0
[ 4797806ms] [ERROR] Operation: SELECT tasks @ webpack-internal:///(app-pages-browser)/./node_modules/next/dist/next-devtools/userspace/app/errors/intercept-console-error.js:56
[ 4797806ms] [ERROR] Payload: null @ webpack-internal:///(app-pages-browser)/./node_modules/next/dist/next-devtools/userspace/app/errors/intercept-console-error.js:56
[ 4797806ms] [ERROR] Error: <HTTP 400> @ webpack-internal:///(app-pages-browser)/./node_modules/next/dist/next-devtools/userspace/app/errors/intercept-console-error.js:56
[ 4797807ms] [ERROR] HTTP Status: 400 @ webpack-internal:///(app-pages-browser)/./node_modules/next/dist/next-devtools/userspace/app/errors/intercept-console-error.js:56
[ 4797807ms] [ERROR] Supabase Error: <HTTP 400> @ webpack-internal:///(app-pages-browser)/./node_modules/next/dist/next-devtools/userspace/app/errors/intercept-console-error.js:56
[ 4797807ms] [ERROR] Suggested Root Cause: Check payload structure, RLS policies, or authentication session state. @ webpack-internal:///(app-pages-browser)/./node_modules/next/dist/next-devtools/userspace/app/errors/intercept-console-error.js:56
[ 4857616ms] [ERROR] Failed to load resource: the server responded with a status of 400 () @ https://ixqrijxdedtbxondzytn.supabase.co/rest/v1/tasks?select=id%2Ctitle%2Cfull_title%2Cpriority%2Creminder_time%2Cdue_time%2Cdue_date&user_id=eq.5e1d3715-4f0c-4473-99e6-1a00220be6d9&completed=eq.false&notification_sent=eq.false&or=%28reminder_time.lte.%222026-08-08T14%3A32%3A30.112Z%22%2Cand%28due_date.eq.%222026-08-08%22%2Cdue_time.lte.%2220%3A02%22%29%29:0
[ 4857617ms] [ERROR] Operation: SELECT tasks @ webpack-internal:///(app-pages-browser)/./node_modules/next/dist/next-devtools/userspace/app/errors/intercept-console-error.js:56
[ 4857617ms] [ERROR] Payload: null @ webpack-internal:///(app-pages-browser)/./node_modules/next/dist/next-devtools/userspace/app/errors/intercept-console-error.js:56
[ 4857617ms] [ERROR] Error: <HTTP 400> @ webpack-internal:///(app-pages-browser)/./node_modules/next/dist/next-devtools/userspace/app/errors/intercept-console-error.js:56
[ 4857617ms] [ERROR] HTTP Status: 400 @ webpack-internal:///(app-pages-browser)/./node_modules/next/dist/next-devtools/userspace/app/errors/intercept-console-error.js:56
[ 4857617ms] [ERROR] Supabase Error: <HTTP 400> @ webpack-internal:///(app-pages-browser)/./node_modules/next/dist/next-devtools/userspace/app/errors/intercept-console-error.js:56
[ 4857617ms] [ERROR] Suggested Root Cause: Check payload structure, RLS policies, or authentication session state. @ webpack-internal:///(app-pages-browser)/./node_modules/next/dist/next-devtools/userspace/app/errors/intercept-console-error.js:56
[ 4917612ms] [ERROR] Failed to load resource: the server responded with a status of 400 () @ https://ixqrijxdedtbxondzytn.supabase.co/rest/v1/tasks?select=id%2Ctitle%2Cfull_title%2Cpriority%2Creminder_time%2Cdue_time%2Cdue_date&user_id=eq.5e1d3715-4f0c-4473-99e6-1a00220be6d9&completed=eq.false&notification_sent=eq.false&or=%28reminder_time.lte.%222026-08-08T14%3A33%3A30.113Z%22%2Cand%28due_date.eq.%222026-08-08%22%2Cdue_time.lte.%2220%3A03%22%29%29:0
[ 4917613ms] [ERROR] Operation: SELECT tasks @ webpack-internal:///(app-pages-browser)/./node_modules/next/dist/next-devtools/userspace/app/errors/intercept-console-error.js:56
[ 4917614ms] [ERROR] Payload: null @ webpack-internal:///(app-pages-browser)/./node_modules/next/dist/next-devtools/userspace/app/errors/intercept-console-error.js:56
[ 4917614ms] [ERROR] Error: <HTTP 400> @ webpack-internal:///(app-pages-browser)/./node_modules/next/dist/next-devtools/userspace/app/errors/intercept-console-error.js:56
[ 4917614ms] [ERROR] HTTP Status: 400 @ webpack-internal:///(app-pages-browser)/./node_modules/next/dist/next-devtools/userspace/app/errors/intercept-console-error.js:56
[ 4917614ms] [ERROR] Supabase Error: <HTTP 400> @ webpack-internal:///(app-pages-browser)/./node_modules/next/dist/next-devtools/userspace/app/errors/intercept-console-error.js:56
[ 4917614ms] [ERROR] Suggested Root Cause: Check payload structure, RLS policies, or authentication session state. @ webpack-internal:///(app-pages-browser)/./node_modules/next/dist/next-devtools/userspace/app/errors/intercept-console-error.js:56
[ 4977413ms] [ERROR] Failed to load resource: the server responded with a status of 400 () @ https://ixqrijxdedtbxondzytn.supabase.co/rest/v1/tasks?select=id%2Ctitle%2Cfull_title%2Cpriority%2Creminder_time%2Cdue_time%2Cdue_date&user_id=eq.5e1d3715-4f0c-4473-99e6-1a00220be6d9&completed=eq.false&notification_sent=eq.false&or=%28reminder_time.lte.%222026-08-08T14%3A34%3A30.114Z%22%2Cand%28due_date.eq.%222026-08-08%22%2Cdue_time.lte.%2220%3A04%22%29%29:0
[ 4977414ms] [ERROR] Operation: SELECT tasks @ webpack-internal:///(app-pages-browser)/./node_modules/next/dist/next-devtools/userspace/app/errors/intercept-console-error.js:56
[ 4977414ms] [ERROR] Payload: null @ webpack-internal:///(app-pages-browser)/./node_modules/next/dist/next-devtools/userspace/app/errors/intercept-console-error.js:56
[ 4977414ms] [ERROR] Error: <HTTP 400> @ webpack-internal:///(app-pages-browser)/./node_modules/next/dist/next-devtools/userspace/app/errors/intercept-console-error.js:56
[ 4977414ms] [ERROR] HTTP Status: 400 @ webpack-internal:///(app-pages-browser)/./node_modules/next/dist/next-devtools/userspace/app/errors/intercept-console-error.js:56
[ 4977414ms] [ERROR] Supabase Error: <HTTP 400> @ webpack-internal:///(app-pages-browser)/./node_modules/next/dist/next-devtools/userspace/app/errors/intercept-console-error.js:56
[ 4977414ms] [ERROR] Suggested Root Cause: Check payload structure, RLS policies, or authentication session state. @ webpack-internal:///(app-pages-browser)/./node_modules/next/dist/next-devtools/userspace/app/errors/intercept-console-error.js:56
[ 5037469ms] [ERROR] Failed to load resource: the server responded with a status of 400 () @ https://ixqrijxdedtbxondzytn.supabase.co/rest/v1/tasks?select=id%2Ctitle%2Cfull_title%2Cpriority%2Creminder_time%2Cdue_time%2Cdue_date&user_id=eq.5e1d3715-4f0c-4473-99e6-1a00220be6d9&completed=eq.false&notification_sent=eq.false&or=%28reminder_time.lte.%222026-08-08T14%3A35%3A30.116Z%22%2Cand%28due_date.eq.%222026-08-08%22%2Cdue_time.lte.%2220%3A05%22%29%29:0
[ 5037470ms] [ERROR] Operation: SELECT tasks @ webpack-internal:///(app-pages-browser)/./node_modules/next/dist/next-devtools/userspace/app/errors/intercept-console-error.js:56
[ 5037470ms] [ERROR] Payload: null @ webpack-internal:///(app-pages-browser)/./node_modules/next/dist/next-devtools/userspace/app/errors/intercept-console-error.js:56
[ 5037470ms] [ERROR] Error: <HTTP 400> @ webpack-internal:///(app-pages-browser)/./node_modules/next/dist/next-devtools/userspace/app/errors/intercept-console-error.js:56
[ 5037470ms] [ERROR] HTTP Status: 400 @ webpack-internal:///(app-pages-browser)/./node_modules/next/dist/next-devtools/userspace/app/errors/intercept-console-error.js:56
[ 5037471ms] [ERROR] Supabase Error: <HTTP 400> @ webpack-internal:///(app-pages-browser)/./node_modules/next/dist/next-devtools/userspace/app/errors/intercept-console-error.js:56
[ 5037471ms] [ERROR] Suggested Root Cause: Check payload structure, RLS policies, or authentication session state. @ webpack-internal:///(app-pages-browser)/./node_modules/next/dist/next-devtools/userspace/app/errors/intercept-console-error.js:56
