[     487ms] [LOG] [Fast Refresh] rebuilding @ webpack-internal:///(app-pages-browser)/./node_modules/next/dist/client/dev/hot-reloader/app/hot-reloader-app.js:196
[    5004ms] [INFO] %cDownload the React DevTools for a better development experience: https://react.dev/link/react-devtools font-weight:bold @ webpack-internal:///(app-pages-browser)/./node_modules/next/dist/compiled/react-dom/cjs/react-dom-client.development.js:25630
[   63568ms] [LOG] ================ DATABASE OPERATION LOG ================ @ webpack-internal:///(app-pages-browser)/./src/contexts/AuthContext.tsx:171
[   63568ms] [LOG] 1. SQL being executed: UPSERT profiles (via supabase.from('profiles').upsert) @ webpack-internal:///(app-pages-browser)/./src/contexts/AuthContext.tsx:172
[   63568ms] [LOG] 2. Payload: {
  "id": "5e1d3715-4f0c-4473-99e6-1a00220be6d9",
  "updated_at": "2026-08-08T14:42:33.712Z",
  "email": "googletestor@gmail.com",
  "full_name": "Test Auditor",
  "username": "googletestor_6071",
  "current_weight": 75,
  "target_weight": 70,
  "fitness_goal": "Build Muscle",
  "dob": "2001-08-08",
  "height_cm": 170,
  "gender": "male",
  "onboarding_completed": true,
  "activity_level": "sedentary",
  "accepted_terms": true,
  "accepted_privacy": true,
  "terms_version": "v2.0",
  "privacy_version": "v2.0",
  "accepted_at": "2026-08-08T14:42:33.711Z"
} @ webpack-internal:///(app-pages-browser)/./src/contexts/AuthContext.tsx:173
[   64061ms] [LOG] 3. Returned data: {id: 5e1d3715-4f0c-4473-99e6-1a00220be6d9, email: googletestor@gmail.com, full_name: Test Auditor, username: googletestor_6071, dob: 2001-08-08} @ webpack-internal:///(app-pages-browser)/./src/contexts/AuthContext.tsx:177
[   64061ms] [LOG] 4. Returned error: null @ webpack-internal:///(app-pages-browser)/./src/contexts/AuthContext.tsx:178
[   64061ms] [LOG] 5. HTTP status: 200 @ webpack-internal:///(app-pages-browser)/./src/contexts/AuthContext.tsx:179
[   64061ms] [LOG] ======================================================== @ webpack-internal:///(app-pages-browser)/./src/contexts/AuthContext.tsx:183
[  875883ms] [WARNING] Detected `scroll-behavior: smooth` on the `<html>` element. In a future version, Next.js will no longer automatically disable smooth scrolling during route transitions. To prepare for this change, add `data-scroll-behavior="smooth"` to your <html> element. Learn more: https://nextjs.org/docs/messages/missing-data-scroll-behavior @ webpack-internal:///(app-pages-browser)/./node_modules/next/dist/shared/lib/utils/warn-once.js:15
[  876988ms] [ERROR] Failed to load resource: the server responded with a status of 400 () @ https://ixqrijxdedtbxondzytn.supabase.co/rest/v1/tasks?select=id%2Ctitle%2Cfull_title%2Cpriority%2Creminder_time%2Cdue_time%2Cdue_date&user_id=eq.5e1d3715-4f0c-4473-99e6-1a00220be6d9&completed=eq.false&notification_sent=eq.false&or=%28reminder_time.lte.%222026-08-08T14%3A56%3A06.037Z%22%2Cand%28due_date.eq.%222026-08-08%22%2Cdue_time.lte.%2220%3A26%22%29%29:0
[  876990ms] [ERROR] Operation: SELECT tasks @ webpack-internal:///(app-pages-browser)/./node_modules/next/dist/next-devtools/userspace/app/errors/intercept-console-error.js:56
[  876990ms] [ERROR] Payload: null @ webpack-internal:///(app-pages-browser)/./node_modules/next/dist/next-devtools/userspace/app/errors/intercept-console-error.js:56
[  876990ms] [ERROR] Error: <HTTP 400> @ webpack-internal:///(app-pages-browser)/./node_modules/next/dist/next-devtools/userspace/app/errors/intercept-console-error.js:56
[  876990ms] [ERROR] HTTP Status: 400 @ webpack-internal:///(app-pages-browser)/./node_modules/next/dist/next-devtools/userspace/app/errors/intercept-console-error.js:56
[  876990ms] [ERROR] Supabase Error: <HTTP 400> @ webpack-internal:///(app-pages-browser)/./node_modules/next/dist/next-devtools/userspace/app/errors/intercept-console-error.js:56
[  876990ms] [ERROR] Suggested Root Cause: Check payload structure, RLS policies, or authentication session state. @ webpack-internal:///(app-pages-browser)/./node_modules/next/dist/next-devtools/userspace/app/errors/intercept-console-error.js:56
[  877150ms] [ERROR] Failed to load resource: the server responded with a status of 400 () @ https://ixqrijxdedtbxondzytn.supabase.co/rest/v1/tasks?select=id%2Ctitle%2Cfull_title%2Cpriority%2Creminder_time%2Cdue_time%2Cdue_date&user_id=eq.5e1d3715-4f0c-4473-99e6-1a00220be6d9&completed=eq.false&notification_sent=eq.false&or=%28reminder_time.lte.%222026-08-08T14%3A56%3A06.047Z%22%2Cand%28due_date.eq.%222026-08-08%22%2Cdue_time.lte.%2220%3A26%22%29%29:0
[  877151ms] [ERROR] Operation: SELECT tasks @ webpack-internal:///(app-pages-browser)/./node_modules/next/dist/next-devtools/userspace/app/errors/intercept-console-error.js:56
[  877151ms] [ERROR] Payload: null @ webpack-internal:///(app-pages-browser)/./node_modules/next/dist/next-devtools/userspace/app/errors/intercept-console-error.js:56
[  877151ms] [ERROR] Error: <HTTP 400> @ webpack-internal:///(app-pages-browser)/./node_modules/next/dist/next-devtools/userspace/app/errors/intercept-console-error.js:56
[  877151ms] [ERROR] HTTP Status: 400 @ webpack-internal:///(app-pages-browser)/./node_modules/next/dist/next-devtools/userspace/app/errors/intercept-console-error.js:56
[  877151ms] [ERROR] Supabase Error: <HTTP 400> @ webpack-internal:///(app-pages-browser)/./node_modules/next/dist/next-devtools/userspace/app/errors/intercept-console-error.js:56
[  877151ms] [ERROR] Suggested Root Cause: Check payload structure, RLS policies, or authentication session state. @ webpack-internal:///(app-pages-browser)/./node_modules/next/dist/next-devtools/userspace/app/errors/intercept-console-error.js:56
[  887574ms] [LOG] [Fast Refresh] rebuilding @ webpack-internal:///(app-pages-browser)/./node_modules/next/dist/client/dev/hot-reloader/app/hot-reloader-app.js:196
[  890222ms] [WARNING] [Fast Refresh] performing full reload

Fast Refresh will perform a full reload when you edit a file that's imported by modules outside of the React rendering tree.
You might have a file which exports a React component but also exports a value that is imported by a non-React component file.
Consider migrating the non-React component export to a separate file and importing it into both files.

It is also possible the parent component of the component you edited is a class component, which disables Fast Refresh.
Fast Refresh requires at least one parent function component in your React tree. @ webpack-internal:///(app-pages-browser)/./node_modules/next/dist/client/dev/hot-reloader/app/hot-reloader-app.js:111
[  891523ms] [INFO] %cDownload the React DevTools for a better development experience: https://react.dev/link/react-devtools font-weight:bold @ webpack-internal:///(app-pages-browser)/./node_modules/next/dist/compiled/react-dom/cjs/react-dom-client.development.js:25630
[  892860ms] [ERROR] Failed to load resource: the server responded with a status of 400 () @ https://ixqrijxdedtbxondzytn.supabase.co/rest/v1/tasks?select=id%2Ctitle%2Cfull_title%2Cpriority%2Creminder_time%2Cdue_time%2Cdue_date&user_id=eq.5e1d3715-4f0c-4473-99e6-1a00220be6d9&completed=eq.false&notification_sent=eq.false&or=%28reminder_time.lte.%222026-08-08T14%3A56%3A22.397Z%22%2Cand%28due_date.eq.%222026-08-08%22%2Cdue_time.lte.%2220%3A26%22%29%29:0
[  892862ms] [ERROR] Operation: SELECT tasks @ webpack-internal:///(app-pages-browser)/./node_modules/next/dist/next-devtools/userspace/app/errors/intercept-console-error.js:56
[  892862ms] [ERROR] Payload: null @ webpack-internal:///(app-pages-browser)/./node_modules/next/dist/next-devtools/userspace/app/errors/intercept-console-error.js:56
[  892862ms] [ERROR] Error: <HTTP 400> @ webpack-internal:///(app-pages-browser)/./node_modules/next/dist/next-devtools/userspace/app/errors/intercept-console-error.js:56
[  892862ms] [ERROR] HTTP Status: 400 @ webpack-internal:///(app-pages-browser)/./node_modules/next/dist/next-devtools/userspace/app/errors/intercept-console-error.js:56
[  892863ms] [ERROR] Supabase Error: <HTTP 400> @ webpack-internal:///(app-pages-browser)/./node_modules/next/dist/next-devtools/userspace/app/errors/intercept-console-error.js:56
[  892863ms] [ERROR] Suggested Root Cause: Check payload structure, RLS policies, or authentication session state. @ webpack-internal:///(app-pages-browser)/./node_modules/next/dist/next-devtools/userspace/app/errors/intercept-console-error.js:56
[  894007ms] [WARNING] Detected `scroll-behavior: smooth` on the `<html>` element. In a future version, Next.js will no longer automatically disable smooth scrolling during route transitions. To prepare for this change, add `data-scroll-behavior="smooth"` to your <html> element. Learn more: https://nextjs.org/docs/messages/missing-data-scroll-behavior @ webpack-internal:///(app-pages-browser)/./node_modules/next/dist/shared/lib/utils/warn-once.js:15
[  898726ms] [ERROR] Failed to load resource: the server responded with a status of 400 () @ https://ixqrijxdedtbxondzytn.supabase.co/rest/v1/tasks?select=id%2Ctitle%2Cfull_title%2Cpriority%2Creminder_time%2Cdue_time%2Cdue_date&user_id=eq.5e1d3715-4f0c-4473-99e6-1a00220be6d9&completed=eq.false&notification_sent=eq.false&or=%28reminder_time.lte.%222026-08-08T14%3A56%3A28.170Z%22%2Cand%28due_date.eq.%222026-08-08%22%2Cdue_time.lte.%2220%3A26%22%29%29:0
[  898728ms] [ERROR] Operation: SELECT tasks @ webpack-internal:///(app-pages-browser)/./node_modules/next/dist/next-devtools/userspace/app/errors/intercept-console-error.js:56
[  898728ms] [ERROR] Payload: null @ webpack-internal:///(app-pages-browser)/./node_modules/next/dist/next-devtools/userspace/app/errors/intercept-console-error.js:56
[  898728ms] [ERROR] Error: <HTTP 400> @ webpack-internal:///(app-pages-browser)/./node_modules/next/dist/next-devtools/userspace/app/errors/intercept-console-error.js:56
[  898728ms] [ERROR] HTTP Status: 400 @ webpack-internal:///(app-pages-browser)/./node_modules/next/dist/next-devtools/userspace/app/errors/intercept-console-error.js:56
[  898729ms] [ERROR] Supabase Error: <HTTP 400> @ webpack-internal:///(app-pages-browser)/./node_modules/next/dist/next-devtools/userspace/app/errors/intercept-console-error.js:56
[  898729ms] [ERROR] Suggested Root Cause: Check payload structure, RLS policies, or authentication session state. @ webpack-internal:///(app-pages-browser)/./node_modules/next/dist/next-devtools/userspace/app/errors/intercept-console-error.js:56
[  898796ms] [ERROR] Failed to load resource: the server responded with a status of 400 () @ https://ixqrijxdedtbxondzytn.supabase.co/rest/v1/tasks?select=id%2Ctitle%2Cfull_title%2Cpriority%2Creminder_time%2Cdue_time%2Cdue_date&user_id=eq.5e1d3715-4f0c-4473-99e6-1a00220be6d9&completed=eq.false&notification_sent=eq.false&or=%28reminder_time.lte.%222026-08-08T14%3A56%3A28.180Z%22%2Cand%28due_date.eq.%222026-08-08%22%2Cdue_time.lte.%2220%3A26%22%29%29:0
[  898797ms] [ERROR] Operation: SELECT tasks @ webpack-internal:///(app-pages-browser)/./node_modules/next/dist/next-devtools/userspace/app/errors/intercept-console-error.js:56
[  898797ms] [ERROR] Payload: null @ webpack-internal:///(app-pages-browser)/./node_modules/next/dist/next-devtools/userspace/app/errors/intercept-console-error.js:56
[  898797ms] [ERROR] Error: <HTTP 400> @ webpack-internal:///(app-pages-browser)/./node_modules/next/dist/next-devtools/userspace/app/errors/intercept-console-error.js:56
[  898797ms] [ERROR] HTTP Status: 400 @ webpack-internal:///(app-pages-browser)/./node_modules/next/dist/next-devtools/userspace/app/errors/intercept-console-error.js:56
[  898797ms] [ERROR] Supabase Error: <HTTP 400> @ webpack-internal:///(app-pages-browser)/./node_modules/next/dist/next-devtools/userspace/app/errors/intercept-console-error.js:56
[  898797ms] [ERROR] Suggested Root Cause: Check payload structure, RLS policies, or authentication session state. @ webpack-internal:///(app-pages-browser)/./node_modules/next/dist/next-devtools/userspace/app/errors/intercept-console-error.js:56
[  905207ms] [LOG] [Fast Refresh] rebuilding @ webpack-internal:///(app-pages-browser)/./node_modules/next/dist/client/dev/hot-reloader/app/hot-reloader-app.js:196
[  906617ms] [LOG] [Fast Refresh] done in 1410ms @ webpack-internal:///(app-pages-browser)/./node_modules/next/dist/client/dev/report-hmr-latency.js:13
[  933478ms] [LOG] ================ DATABASE OPERATION LOG ================ @ webpack-internal:///(app-pages-browser)/./src/contexts/AuthContext.tsx:171
[  933478ms] [LOG] 1. SQL being executed: UPSERT profiles (via supabase.from('profiles').upsert) @ webpack-internal:///(app-pages-browser)/./src/contexts/AuthContext.tsx:172
[  933478ms] [LOG] 2. Payload: {
  "id": "5e1d3715-4f0c-4473-99e6-1a00220be6d9",
  "updated_at": "2026-08-08T14:57:03.622Z",
  "email": "googletestor@gmail.com",
  "full_name": "Test Auditor",
  "username": "googletestor_6071",
  "theme": "dark"
} @ webpack-internal:///(app-pages-browser)/./src/contexts/AuthContext.tsx:173
[  933721ms] [LOG] 3. Returned data: {id: 5e1d3715-4f0c-4473-99e6-1a00220be6d9, email: googletestor@gmail.com, full_name: Test Auditor, username: googletestor_6071, dob: 2001-08-08} @ webpack-internal:///(app-pages-browser)/./src/contexts/AuthContext.tsx:177
[  933721ms] [LOG] 4. Returned error: null @ webpack-internal:///(app-pages-browser)/./src/contexts/AuthContext.tsx:178
[  933721ms] [LOG] 5. HTTP status: 200 @ webpack-internal:///(app-pages-browser)/./src/contexts/AuthContext.tsx:179
[  933722ms] [LOG] ======================================================== @ webpack-internal:///(app-pages-browser)/./src/contexts/AuthContext.tsx:183
[  936589ms] [ERROR] Failed to load resource: the server responded with a status of 400 () @ https://ixqrijxdedtbxondzytn.supabase.co/rest/v1/tasks?select=id%2Ctitle%2Cfull_title%2Cpriority%2Creminder_time%2Cdue_time%2Cdue_date&user_id=eq.5e1d3715-4f0c-4473-99e6-1a00220be6d9&completed=eq.false&notification_sent=eq.false&or=%28reminder_time.lte.%222026-08-08T14%3A57%3A06.024Z%22%2Cand%28due_date.eq.%222026-08-08%22%2Cdue_time.lte.%2220%3A27%22%29%29:0
[  936590ms] [ERROR] Operation: SELECT tasks @ webpack-internal:///(app-pages-browser)/./node_modules/next/dist/next-devtools/userspace/app/errors/intercept-console-error.js:56
[  936590ms] [ERROR] Payload: null @ webpack-internal:///(app-pages-browser)/./node_modules/next/dist/next-devtools/userspace/app/errors/intercept-console-error.js:56
[  936590ms] [ERROR] Error: <HTTP 400> @ webpack-internal:///(app-pages-browser)/./node_modules/next/dist/next-devtools/userspace/app/errors/intercept-console-error.js:56
[  936590ms] [ERROR] HTTP Status: 400 @ webpack-internal:///(app-pages-browser)/./node_modules/next/dist/next-devtools/userspace/app/errors/intercept-console-error.js:56
[  936590ms] [ERROR] Supabase Error: <HTTP 400> @ webpack-internal:///(app-pages-browser)/./node_modules/next/dist/next-devtools/userspace/app/errors/intercept-console-error.js:56
[  936590ms] [ERROR] Suggested Root Cause: Check payload structure, RLS policies, or authentication session state. @ webpack-internal:///(app-pages-browser)/./node_modules/next/dist/next-devtools/userspace/app/errors/intercept-console-error.js:56
[  936759ms] [ERROR] Failed to load resource: the server responded with a status of 400 () @ https://ixqrijxdedtbxondzytn.supabase.co/rest/v1/tasks?select=id%2Ctitle%2Cfull_title%2Cpriority%2Creminder_time%2Cdue_time%2Cdue_date&user_id=eq.5e1d3715-4f0c-4473-99e6-1a00220be6d9&completed=eq.false&notification_sent=eq.false&or=%28reminder_time.lte.%222026-08-08T14%3A57%3A06.027Z%22%2Cand%28due_date.eq.%222026-08-08%22%2Cdue_time.lte.%2220%3A27%22%29%29:0
[  936760ms] [ERROR] Operation: SELECT tasks @ webpack-internal:///(app-pages-browser)/./node_modules/next/dist/next-devtools/userspace/app/errors/intercept-console-error.js:56
[  936760ms] [ERROR] Payload: null @ webpack-internal:///(app-pages-browser)/./node_modules/next/dist/next-devtools/userspace/app/errors/intercept-console-error.js:56
[  936760ms] [ERROR] Error: <HTTP 400> @ webpack-internal:///(app-pages-browser)/./node_modules/next/dist/next-devtools/userspace/app/errors/intercept-console-error.js:56
[  936760ms] [ERROR] HTTP Status: 400 @ webpack-internal:///(app-pages-browser)/./node_modules/next/dist/next-devtools/userspace/app/errors/intercept-console-error.js:56
[  936761ms] [ERROR] Supabase Error: <HTTP 400> @ webpack-internal:///(app-pages-browser)/./node_modules/next/dist/next-devtools/userspace/app/errors/intercept-console-error.js:56
[  936761ms] [ERROR] Suggested Root Cause: Check payload structure, RLS policies, or authentication session state. @ webpack-internal:///(app-pages-browser)/./node_modules/next/dist/next-devtools/userspace/app/errors/intercept-console-error.js:56
[  996933ms] [ERROR] Failed to load resource: the server responded with a status of 400 () @ https://ixqrijxdedtbxondzytn.supabase.co/rest/v1/tasks?select=id%2Ctitle%2Cfull_title%2Cpriority%2Creminder_time%2Cdue_time%2Cdue_date&user_id=eq.5e1d3715-4f0c-4473-99e6-1a00220be6d9&completed=eq.false&notification_sent=eq.false&or=%28reminder_time.lte.%222026-08-08T14%3A58%3A06.035Z%22%2Cand%28due_date.eq.%222026-08-08%22%2Cdue_time.lte.%2220%3A28%22%29%29:0
[  996934ms] [ERROR] Operation: SELECT tasks @ webpack-internal:///(app-pages-browser)/./node_modules/next/dist/next-devtools/userspace/app/errors/intercept-console-error.js:56
[  996935ms] [ERROR] Payload: null @ webpack-internal:///(app-pages-browser)/./node_modules/next/dist/next-devtools/userspace/app/errors/intercept-console-error.js:56
[  996935ms] [ERROR] Error: <HTTP 400> @ webpack-internal:///(app-pages-browser)/./node_modules/next/dist/next-devtools/userspace/app/errors/intercept-console-error.js:56
[  996935ms] [ERROR] HTTP Status: 400 @ webpack-internal:///(app-pages-browser)/./node_modules/next/dist/next-devtools/userspace/app/errors/intercept-console-error.js:56
[  996935ms] [ERROR] Supabase Error: <HTTP 400> @ webpack-internal:///(app-pages-browser)/./node_modules/next/dist/next-devtools/userspace/app/errors/intercept-console-error.js:56
[  996935ms] [ERROR] Suggested Root Cause: Check payload structure, RLS policies, or authentication session state. @ webpack-internal:///(app-pages-browser)/./node_modules/next/dist/next-devtools/userspace/app/errors/intercept-console-error.js:56
[ 1056536ms] [ERROR] Failed to load resource: the server responded with a status of 400 () @ https://ixqrijxdedtbxondzytn.supabase.co/rest/v1/tasks?select=id%2Ctitle%2Cfull_title%2Cpriority%2Creminder_time%2Cdue_time%2Cdue_date&user_id=eq.5e1d3715-4f0c-4473-99e6-1a00220be6d9&completed=eq.false&notification_sent=eq.false&or=%28reminder_time.lte.%222026-08-08T14%3A59%3A06.029Z%22%2Cand%28due_date.eq.%222026-08-08%22%2Cdue_time.lte.%2220%3A29%22%29%29:0
[ 1056537ms] [ERROR] Operation: SELECT tasks @ webpack-internal:///(app-pages-browser)/./node_modules/next/dist/next-devtools/userspace/app/errors/intercept-console-error.js:56
[ 1056537ms] [ERROR] Payload: null @ webpack-internal:///(app-pages-browser)/./node_modules/next/dist/next-devtools/userspace/app/errors/intercept-console-error.js:56
[ 1056537ms] [ERROR] Error: <HTTP 400> @ webpack-internal:///(app-pages-browser)/./node_modules/next/dist/next-devtools/userspace/app/errors/intercept-console-error.js:56
[ 1056537ms] [ERROR] HTTP Status: 400 @ webpack-internal:///(app-pages-browser)/./node_modules/next/dist/next-devtools/userspace/app/errors/intercept-console-error.js:56
[ 1056537ms] [ERROR] Supabase Error: <HTTP 400> @ webpack-internal:///(app-pages-browser)/./node_modules/next/dist/next-devtools/userspace/app/errors/intercept-console-error.js:56
[ 1056538ms] [ERROR] Suggested Root Cause: Check payload structure, RLS policies, or authentication session state. @ webpack-internal:///(app-pages-browser)/./node_modules/next/dist/next-devtools/userspace/app/errors/intercept-console-error.js:56
[ 1116632ms] [ERROR] Failed to load resource: the server responded with a status of 400 () @ https://ixqrijxdedtbxondzytn.supabase.co/rest/v1/tasks?select=id%2Ctitle%2Cfull_title%2Cpriority%2Creminder_time%2Cdue_time%2Cdue_date&user_id=eq.5e1d3715-4f0c-4473-99e6-1a00220be6d9&completed=eq.false&notification_sent=eq.false&or=%28reminder_time.lte.%222026-08-08T15%3A00%3A06.029Z%22%2Cand%28due_date.eq.%222026-08-08%22%2Cdue_time.lte.%2220%3A30%22%29%29:0
[ 1116636ms] [ERROR] Operation: SELECT tasks @ webpack-internal:///(app-pages-browser)/./node_modules/next/dist/next-devtools/userspace/app/errors/intercept-console-error.js:56
[ 1116636ms] [ERROR] Payload: null @ webpack-internal:///(app-pages-browser)/./node_modules/next/dist/next-devtools/userspace/app/errors/intercept-console-error.js:56
[ 1116636ms] [ERROR] Error: <HTTP 400> @ webpack-internal:///(app-pages-browser)/./node_modules/next/dist/next-devtools/userspace/app/errors/intercept-console-error.js:56
[ 1116636ms] [ERROR] HTTP Status: 400 @ webpack-internal:///(app-pages-browser)/./node_modules/next/dist/next-devtools/userspace/app/errors/intercept-console-error.js:56
[ 1116636ms] [ERROR] Supabase Error: <HTTP 400> @ webpack-internal:///(app-pages-browser)/./node_modules/next/dist/next-devtools/userspace/app/errors/intercept-console-error.js:56
[ 1116636ms] [ERROR] Suggested Root Cause: Check payload structure, RLS policies, or authentication session state. @ webpack-internal:///(app-pages-browser)/./node_modules/next/dist/next-devtools/userspace/app/errors/intercept-console-error.js:56
[ 1176644ms] [ERROR] Failed to load resource: the server responded with a status of 400 () @ https://ixqrijxdedtbxondzytn.supabase.co/rest/v1/tasks?select=id%2Ctitle%2Cfull_title%2Cpriority%2Creminder_time%2Cdue_time%2Cdue_date&user_id=eq.5e1d3715-4f0c-4473-99e6-1a00220be6d9&completed=eq.false&notification_sent=eq.false&or=%28reminder_time.lte.%222026-08-08T15%3A01%3A06.031Z%22%2Cand%28due_date.eq.%222026-08-08%22%2Cdue_time.lte.%2220%3A31%22%29%29:0
[ 1176645ms] [ERROR] Operation: SELECT tasks @ webpack-internal:///(app-pages-browser)/./node_modules/next/dist/next-devtools/userspace/app/errors/intercept-console-error.js:56
[ 1176645ms] [ERROR] Payload: null @ webpack-internal:///(app-pages-browser)/./node_modules/next/dist/next-devtools/userspace/app/errors/intercept-console-error.js:56
[ 1176645ms] [ERROR] Error: <HTTP 400> @ webpack-internal:///(app-pages-browser)/./node_modules/next/dist/next-devtools/userspace/app/errors/intercept-console-error.js:56
[ 1176645ms] [ERROR] HTTP Status: 400 @ webpack-internal:///(app-pages-browser)/./node_modules/next/dist/next-devtools/userspace/app/errors/intercept-console-error.js:56
[ 1176645ms] [ERROR] Supabase Error: <HTTP 400> @ webpack-internal:///(app-pages-browser)/./node_modules/next/dist/next-devtools/userspace/app/errors/intercept-console-error.js:56
[ 1176645ms] [ERROR] Suggested Root Cause: Check payload structure, RLS policies, or authentication session state. @ webpack-internal:///(app-pages-browser)/./node_modules/next/dist/next-devtools/userspace/app/errors/intercept-console-error.js:56
[ 1236979ms] [ERROR] Failed to load resource: the server responded with a status of 400 () @ https://ixqrijxdedtbxondzytn.supabase.co/rest/v1/tasks?select=id%2Ctitle%2Cfull_title%2Cpriority%2Creminder_time%2Cdue_time%2Cdue_date&user_id=eq.5e1d3715-4f0c-4473-99e6-1a00220be6d9&completed=eq.false&notification_sent=eq.false&or=%28reminder_time.lte.%222026-08-08T15%3A02%3A06.032Z%22%2Cand%28due_date.eq.%222026-08-08%22%2Cdue_time.lte.%2220%3A32%22%29%29:0
[ 1236980ms] [ERROR] Operation: SELECT tasks @ webpack-internal:///(app-pages-browser)/./node_modules/next/dist/next-devtools/userspace/app/errors/intercept-console-error.js:56
[ 1236980ms] [ERROR] Payload: null @ webpack-internal:///(app-pages-browser)/./node_modules/next/dist/next-devtools/userspace/app/errors/intercept-console-error.js:56
[ 1236980ms] [ERROR] Error: <HTTP 400> @ webpack-internal:///(app-pages-browser)/./node_modules/next/dist/next-devtools/userspace/app/errors/intercept-console-error.js:56
[ 1236981ms] [ERROR] HTTP Status: 400 @ webpack-internal:///(app-pages-browser)/./node_modules/next/dist/next-devtools/userspace/app/errors/intercept-console-error.js:56
[ 1236981ms] [ERROR] Supabase Error: <HTTP 400> @ webpack-internal:///(app-pages-browser)/./node_modules/next/dist/next-devtools/userspace/app/errors/intercept-console-error.js:56
[ 1236981ms] [ERROR] Suggested Root Cause: Check payload structure, RLS policies, or authentication session state. @ webpack-internal:///(app-pages-browser)/./node_modules/next/dist/next-devtools/userspace/app/errors/intercept-console-error.js:56
[ 1296496ms] [ERROR] Failed to load resource: the server responded with a status of 400 () @ https://ixqrijxdedtbxondzytn.supabase.co/rest/v1/tasks?select=id%2Ctitle%2Cfull_title%2Cpriority%2Creminder_time%2Cdue_time%2Cdue_date&user_id=eq.5e1d3715-4f0c-4473-99e6-1a00220be6d9&completed=eq.false&notification_sent=eq.false&or=%28reminder_time.lte.%222026-08-08T15%3A03%3A06.034Z%22%2Cand%28due_date.eq.%222026-08-08%22%2Cdue_time.lte.%2220%3A33%22%29%29:0
[ 1296497ms] [ERROR] Operation: SELECT tasks @ webpack-internal:///(app-pages-browser)/./node_modules/next/dist/next-devtools/userspace/app/errors/intercept-console-error.js:56
[ 1296497ms] [ERROR] Payload: null @ webpack-internal:///(app-pages-browser)/./node_modules/next/dist/next-devtools/userspace/app/errors/intercept-console-error.js:56
[ 1296497ms] [ERROR] Error: <HTTP 400> @ webpack-internal:///(app-pages-browser)/./node_modules/next/dist/next-devtools/userspace/app/errors/intercept-console-error.js:56
[ 1296497ms] [ERROR] HTTP Status: 400 @ webpack-internal:///(app-pages-browser)/./node_modules/next/dist/next-devtools/userspace/app/errors/intercept-console-error.js:56
[ 1296497ms] [ERROR] Supabase Error: <HTTP 400> @ webpack-internal:///(app-pages-browser)/./node_modules/next/dist/next-devtools/userspace/app/errors/intercept-console-error.js:56
[ 1296498ms] [ERROR] Suggested Root Cause: Check payload structure, RLS policies, or authentication session state. @ webpack-internal:///(app-pages-browser)/./node_modules/next/dist/next-devtools/userspace/app/errors/intercept-console-error.js:56
[ 1356642ms] [ERROR] Failed to load resource: the server responded with a status of 400 () @ https://ixqrijxdedtbxondzytn.supabase.co/rest/v1/tasks?select=id%2Ctitle%2Cfull_title%2Cpriority%2Creminder_time%2Cdue_time%2Cdue_date&user_id=eq.5e1d3715-4f0c-4473-99e6-1a00220be6d9&completed=eq.false&notification_sent=eq.false&or=%28reminder_time.lte.%222026-08-08T15%3A04%3A06.034Z%22%2Cand%28due_date.eq.%222026-08-08%22%2Cdue_time.lte.%2220%3A34%22%29%29:0
[ 1356643ms] [ERROR] Operation: SELECT tasks @ webpack-internal:///(app-pages-browser)/./node_modules/next/dist/next-devtools/userspace/app/errors/intercept-console-error.js:56
[ 1356643ms] [ERROR] Payload: null @ webpack-internal:///(app-pages-browser)/./node_modules/next/dist/next-devtools/userspace/app/errors/intercept-console-error.js:56
[ 1356643ms] [ERROR] Error: <HTTP 400> @ webpack-internal:///(app-pages-browser)/./node_modules/next/dist/next-devtools/userspace/app/errors/intercept-console-error.js:56
[ 1356643ms] [ERROR] HTTP Status: 400 @ webpack-internal:///(app-pages-browser)/./node_modules/next/dist/next-devtools/userspace/app/errors/intercept-console-error.js:56
[ 1356643ms] [ERROR] Supabase Error: <HTTP 400> @ webpack-internal:///(app-pages-browser)/./node_modules/next/dist/next-devtools/userspace/app/errors/intercept-console-error.js:56
[ 1356644ms] [ERROR] Suggested Root Cause: Check payload structure, RLS policies, or authentication session state. @ webpack-internal:///(app-pages-browser)/./node_modules/next/dist/next-devtools/userspace/app/errors/intercept-console-error.js:56
[ 1389882ms] [LOG] [Fast Refresh] rebuilding @ webpack-internal:///(app-pages-browser)/./node_modules/next/dist/client/dev/hot-reloader/app/hot-reloader-app.js:196
[ 1390744ms] [LOG] [Fast Refresh] done in 861ms @ webpack-internal:///(app-pages-browser)/./node_modules/next/dist/client/dev/report-hmr-latency.js:13
[ 1413702ms] [LOG] [Fast Refresh] rebuilding @ webpack-internal:///(app-pages-browser)/./node_modules/next/dist/client/dev/hot-reloader/app/hot-reloader-app.js:196
[ 1414376ms] [LOG] [Fast Refresh] done in 673ms @ webpack-internal:///(app-pages-browser)/./node_modules/next/dist/client/dev/report-hmr-latency.js:13
[ 1416854ms] [ERROR] Failed to load resource: the server responded with a status of 400 () @ https://ixqrijxdedtbxondzytn.supabase.co/rest/v1/tasks?select=id%2Ctitle%2Cfull_title%2Cpriority%2Creminder_time%2Cdue_time%2Cdue_date&user_id=eq.5e1d3715-4f0c-4473-99e6-1a00220be6d9&completed=eq.false&notification_sent=eq.false&or=%28reminder_time.lte.%222026-08-08T15%3A05%3A06.028Z%22%2Cand%28due_date.eq.%222026-08-08%22%2Cdue_time.lte.%2220%3A35%22%29%29:0
[ 1416855ms] [ERROR] Operation: SELECT tasks @ webpack-internal:///(app-pages-browser)/./node_modules/next/dist/next-devtools/userspace/app/errors/intercept-console-error.js:56
[ 1416855ms] [ERROR] Payload: null @ webpack-internal:///(app-pages-browser)/./node_modules/next/dist/next-devtools/userspace/app/errors/intercept-console-error.js:56
[ 1416856ms] [ERROR] Error: <HTTP 400> @ webpack-internal:///(app-pages-browser)/./node_modules/next/dist/next-devtools/userspace/app/errors/intercept-console-error.js:56
[ 1416856ms] [ERROR] HTTP Status: 400 @ webpack-internal:///(app-pages-browser)/./node_modules/next/dist/next-devtools/userspace/app/errors/intercept-console-error.js:56
[ 1416856ms] [ERROR] Supabase Error: <HTTP 400> @ webpack-internal:///(app-pages-browser)/./node_modules/next/dist/next-devtools/userspace/app/errors/intercept-console-error.js:56
[ 1416856ms] [ERROR] Suggested Root Cause: Check payload structure, RLS policies, or authentication session state. @ webpack-internal:///(app-pages-browser)/./node_modules/next/dist/next-devtools/userspace/app/errors/intercept-console-error.js:56
[ 1454246ms] [LOG] [Fast Refresh] rebuilding @ webpack-internal:///(app-pages-browser)/./node_modules/next/dist/client/dev/hot-reloader/app/hot-reloader-app.js:196
[ 1456011ms] [WARNING] GoTrueClient@sb-ixqrijxdedtbxondzytn-auth-token:1 (2.110.9) 2026-08-08T15:05:46.152Z Multiple GoTrueClient instances detected in the same browser context. It is not an error, but this should be avoided as it may produce undefined behavior when used concurrently under the same storage key. @ webpack-internal:///(app-pages-browser)/./node_modules/@supabase/auth-js/dist/module/GoTrueClient.js:184
[ 1456021ms] [LOG] [Fast Refresh] done in 1776ms @ webpack-internal:///(app-pages-browser)/./node_modules/next/dist/client/dev/report-hmr-latency.js:13
[ 1457491ms] [ERROR] Failed to load resource: the server responded with a status of 400 () @ https://ixqrijxdedtbxondzytn.supabase.co/rest/v1/tasks?select=id%2Ctitle%2Cfull_title%2Cpriority%2Creminder_time%2Cdue_time%2Cdue_date&user_id=eq.5e1d3715-4f0c-4473-99e6-1a00220be6d9&completed=eq.false&notification_sent=eq.false&or=%28reminder_time.lte.%222026-08-08T15%3A05%3A46.427Z%22%2Cand%28due_date.eq.%222026-08-08%22%2Cdue_time.lte.%2220%3A35%22%29%29:0
[ 1457492ms] [ERROR] Operation: SELECT tasks @ webpack-internal:///(app-pages-browser)/./node_modules/next/dist/next-devtools/userspace/app/errors/intercept-console-error.js:56
[ 1457493ms] [ERROR] Payload: null @ webpack-internal:///(app-pages-browser)/./node_modules/next/dist/next-devtools/userspace/app/errors/intercept-console-error.js:56
[ 1457493ms] [ERROR] Error: <HTTP 400> @ webpack-internal:///(app-pages-browser)/./node_modules/next/dist/next-devtools/userspace/app/errors/intercept-console-error.js:56
[ 1457493ms] [ERROR] HTTP Status: 400 @ webpack-internal:///(app-pages-browser)/./node_modules/next/dist/next-devtools/userspace/app/errors/intercept-console-error.js:56
[ 1457493ms] [ERROR] Supabase Error: <HTTP 400> @ webpack-internal:///(app-pages-browser)/./node_modules/next/dist/next-devtools/userspace/app/errors/intercept-console-error.js:56
[ 1457493ms] [ERROR] Suggested Root Cause: Check payload structure, RLS policies, or authentication session state. @ webpack-internal:///(app-pages-browser)/./node_modules/next/dist/next-devtools/userspace/app/errors/intercept-console-error.js:56
[ 1457791ms] [ERROR] Failed to load resource: the server responded with a status of 400 () @ https://ixqrijxdedtbxondzytn.supabase.co/rest/v1/tasks?select=id%2Ctitle%2Cfull_title%2Cpriority%2Creminder_time%2Cdue_time%2Cdue_date&user_id=eq.5e1d3715-4f0c-4473-99e6-1a00220be6d9&completed=eq.false&notification_sent=eq.false&or=%28reminder_time.lte.%222026-08-08T15%3A05%3A47.271Z%22%2Cand%28due_date.eq.%222026-08-08%22%2Cdue_time.lte.%2220%3A35%22%29%29:0
[ 1457792ms] [ERROR] Operation: SELECT tasks @ webpack-internal:///(app-pages-browser)/./node_modules/next/dist/next-devtools/userspace/app/errors/intercept-console-error.js:56
[ 1457792ms] [ERROR] Payload: null @ webpack-internal:///(app-pages-browser)/./node_modules/next/dist/next-devtools/userspace/app/errors/intercept-console-error.js:56
[ 1457792ms] [ERROR] Error: <HTTP 400> @ webpack-internal:///(app-pages-browser)/./node_modules/next/dist/next-devtools/userspace/app/errors/intercept-console-error.js:56
[ 1457792ms] [ERROR] HTTP Status: 400 @ webpack-internal:///(app-pages-browser)/./node_modules/next/dist/next-devtools/userspace/app/errors/intercept-console-error.js:56
[ 1457792ms] [ERROR] Supabase Error: <HTTP 400> @ webpack-internal:///(app-pages-browser)/./node_modules/next/dist/next-devtools/userspace/app/errors/intercept-console-error.js:56
[ 1457792ms] [ERROR] Suggested Root Cause: Check payload structure, RLS policies, or authentication session state. @ webpack-internal:///(app-pages-browser)/./node_modules/next/dist/next-devtools/userspace/app/errors/intercept-console-error.js:56
[ 1517982ms] [ERROR] Failed to load resource: the server responded with a status of 400 () @ https://ixqrijxdedtbxondzytn.supabase.co/rest/v1/tasks?select=id%2Ctitle%2Cfull_title%2Cpriority%2Creminder_time%2Cdue_time%2Cdue_date&user_id=eq.5e1d3715-4f0c-4473-99e6-1a00220be6d9&completed=eq.false&notification_sent=eq.false&or=%28reminder_time.lte.%222026-08-08T15%3A06%3A47.279Z%22%2Cand%28due_date.eq.%222026-08-08%22%2Cdue_time.lte.%2220%3A36%22%29%29:0
[ 1517984ms] [ERROR] Operation: SELECT tasks @ webpack-internal:///(app-pages-browser)/./node_modules/next/dist/next-devtools/userspace/app/errors/intercept-console-error.js:56
[ 1517984ms] [ERROR] Payload: null @ webpack-internal:///(app-pages-browser)/./node_modules/next/dist/next-devtools/userspace/app/errors/intercept-console-error.js:56
[ 1517984ms] [ERROR] Error: <HTTP 400> @ webpack-internal:///(app-pages-browser)/./node_modules/next/dist/next-devtools/userspace/app/errors/intercept-console-error.js:56
[ 1517984ms] [ERROR] HTTP Status: 400 @ webpack-internal:///(app-pages-browser)/./node_modules/next/dist/next-devtools/userspace/app/errors/intercept-console-error.js:56
[ 1517985ms] [ERROR] Supabase Error: <HTTP 400> @ webpack-internal:///(app-pages-browser)/./node_modules/next/dist/next-devtools/userspace/app/errors/intercept-console-error.js:56
[ 1517985ms] [ERROR] Suggested Root Cause: Check payload structure, RLS policies, or authentication session state. @ webpack-internal:///(app-pages-browser)/./node_modules/next/dist/next-devtools/userspace/app/errors/intercept-console-error.js:56
[ 1577929ms] [ERROR] Failed to load resource: the server responded with a status of 400 () @ https://ixqrijxdedtbxondzytn.supabase.co/rest/v1/tasks?select=id%2Ctitle%2Cfull_title%2Cpriority%2Creminder_time%2Cdue_time%2Cdue_date&user_id=eq.5e1d3715-4f0c-4473-99e6-1a00220be6d9&completed=eq.false&notification_sent=eq.false&or=%28reminder_time.lte.%222026-08-08T15%3A07%3A47.272Z%22%2Cand%28due_date.eq.%222026-08-08%22%2Cdue_time.lte.%2220%3A37%22%29%29:0
[ 1577930ms] [ERROR] Operation: SELECT tasks @ webpack-internal:///(app-pages-browser)/./node_modules/next/dist/next-devtools/userspace/app/errors/intercept-console-error.js:56
[ 1577930ms] [ERROR] Payload: null @ webpack-internal:///(app-pages-browser)/./node_modules/next/dist/next-devtools/userspace/app/errors/intercept-console-error.js:56
[ 1577930ms] [ERROR] Error: <HTTP 400> @ webpack-internal:///(app-pages-browser)/./node_modules/next/dist/next-devtools/userspace/app/errors/intercept-console-error.js:56
[ 1577931ms] [ERROR] HTTP Status: 400 @ webpack-internal:///(app-pages-browser)/./node_modules/next/dist/next-devtools/userspace/app/errors/intercept-console-error.js:56
[ 1577931ms] [ERROR] Supabase Error: <HTTP 400> @ webpack-internal:///(app-pages-browser)/./node_modules/next/dist/next-devtools/userspace/app/errors/intercept-console-error.js:56
[ 1577931ms] [ERROR] Suggested Root Cause: Check payload structure, RLS policies, or authentication session state. @ webpack-internal:///(app-pages-browser)/./node_modules/next/dist/next-devtools/userspace/app/errors/intercept-console-error.js:56
[ 1637832ms] [ERROR] Failed to load resource: the server responded with a status of 400 () @ https://ixqrijxdedtbxondzytn.supabase.co/rest/v1/tasks?select=id%2Ctitle%2Cfull_title%2Cpriority%2Creminder_time%2Cdue_time%2Cdue_date&user_id=eq.5e1d3715-4f0c-4473-99e6-1a00220be6d9&completed=eq.false&notification_sent=eq.false&or=%28reminder_time.lte.%222026-08-08T15%3A08%3A47.273Z%22%2Cand%28due_date.eq.%222026-08-08%22%2Cdue_time.lte.%2220%3A38%22%29%29:0
[ 1637833ms] [ERROR] Operation: SELECT tasks @ webpack-internal:///(app-pages-browser)/./node_modules/next/dist/next-devtools/userspace/app/errors/intercept-console-error.js:56
[ 1637833ms] [ERROR] Payload: null @ webpack-internal:///(app-pages-browser)/./node_modules/next/dist/next-devtools/userspace/app/errors/intercept-console-error.js:56
[ 1637833ms] [ERROR] Error: <HTTP 400> @ webpack-internal:///(app-pages-browser)/./node_modules/next/dist/next-devtools/userspace/app/errors/intercept-console-error.js:56
[ 1637833ms] [ERROR] HTTP Status: 400 @ webpack-internal:///(app-pages-browser)/./node_modules/next/dist/next-devtools/userspace/app/errors/intercept-console-error.js:56
[ 1637833ms] [ERROR] Supabase Error: <HTTP 400> @ webpack-internal:///(app-pages-browser)/./node_modules/next/dist/next-devtools/userspace/app/errors/intercept-console-error.js:56
[ 1637834ms] [ERROR] Suggested Root Cause: Check payload structure, RLS policies, or authentication session state. @ webpack-internal:///(app-pages-browser)/./node_modules/next/dist/next-devtools/userspace/app/errors/intercept-console-error.js:56
[ 1697770ms] [ERROR] Failed to load resource: the server responded with a status of 400 () @ https://ixqrijxdedtbxondzytn.supabase.co/rest/v1/tasks?select=id%2Ctitle%2Cfull_title%2Cpriority%2Creminder_time%2Cdue_time%2Cdue_date&user_id=eq.5e1d3715-4f0c-4473-99e6-1a00220be6d9&completed=eq.false&notification_sent=eq.false&or=%28reminder_time.lte.%222026-08-08T15%3A09%3A47.287Z%22%2Cand%28due_date.eq.%222026-08-08%22%2Cdue_time.lte.%2220%3A39%22%29%29:0
[ 1697771ms] [ERROR] Operation: SELECT tasks @ webpack-internal:///(app-pages-browser)/./node_modules/next/dist/next-devtools/userspace/app/errors/intercept-console-error.js:56
[ 1697772ms] [ERROR] Payload: null @ webpack-internal:///(app-pages-browser)/./node_modules/next/dist/next-devtools/userspace/app/errors/intercept-console-error.js:56
[ 1697772ms] [ERROR] Error: <HTTP 400> @ webpack-internal:///(app-pages-browser)/./node_modules/next/dist/next-devtools/userspace/app/errors/intercept-console-error.js:56
[ 1697772ms] [ERROR] HTTP Status: 400 @ webpack-internal:///(app-pages-browser)/./node_modules/next/dist/next-devtools/userspace/app/errors/intercept-console-error.js:56
[ 1697773ms] [ERROR] Supabase Error: <HTTP 400> @ webpack-internal:///(app-pages-browser)/./node_modules/next/dist/next-devtools/userspace/app/errors/intercept-console-error.js:56
[ 1697773ms] [ERROR] Suggested Root Cause: Check payload structure, RLS policies, or authentication session state. @ webpack-internal:///(app-pages-browser)/./node_modules/next/dist/next-devtools/userspace/app/errors/intercept-console-error.js:56
[ 1757858ms] [ERROR] Failed to load resource: the server responded with a status of 400 () @ https://ixqrijxdedtbxondzytn.supabase.co/rest/v1/tasks?select=id%2Ctitle%2Cfull_title%2Cpriority%2Creminder_time%2Cdue_time%2Cdue_date&user_id=eq.5e1d3715-4f0c-4473-99e6-1a00220be6d9&completed=eq.false&notification_sent=eq.false&or=%28reminder_time.lte.%222026-08-08T15%3A10%3A47.275Z%22%2Cand%28due_date.eq.%222026-08-08%22%2Cdue_time.lte.%2220%3A40%22%29%29:0
[ 1757860ms] [ERROR] Operation: SELECT tasks @ webpack-internal:///(app-pages-browser)/./node_modules/next/dist/next-devtools/userspace/app/errors/intercept-console-error.js:56
[ 1757860ms] [ERROR] Payload: null @ webpack-internal:///(app-pages-browser)/./node_modules/next/dist/next-devtools/userspace/app/errors/intercept-console-error.js:56
[ 1757860ms] [ERROR] Error: <HTTP 400> @ webpack-internal:///(app-pages-browser)/./node_modules/next/dist/next-devtools/userspace/app/errors/intercept-console-error.js:56
[ 1757860ms] [ERROR] HTTP Status: 400 @ webpack-internal:///(app-pages-browser)/./node_modules/next/dist/next-devtools/userspace/app/errors/intercept-console-error.js:56
[ 1757861ms] [ERROR] Supabase Error: <HTTP 400> @ webpack-internal:///(app-pages-browser)/./node_modules/next/dist/next-devtools/userspace/app/errors/intercept-console-error.js:56
[ 1757861ms] [ERROR] Suggested Root Cause: Check payload structure, RLS policies, or authentication session state. @ webpack-internal:///(app-pages-browser)/./node_modules/next/dist/next-devtools/userspace/app/errors/intercept-console-error.js:56
[ 1817894ms] [ERROR] Failed to load resource: the server responded with a status of 400 () @ https://ixqrijxdedtbxondzytn.supabase.co/rest/v1/tasks?select=id%2Ctitle%2Cfull_title%2Cpriority%2Creminder_time%2Cdue_time%2Cdue_date&user_id=eq.5e1d3715-4f0c-4473-99e6-1a00220be6d9&completed=eq.false&notification_sent=eq.false&or=%28reminder_time.lte.%222026-08-08T15%3A11%3A47.287Z%22%2Cand%28due_date.eq.%222026-08-08%22%2Cdue_time.lte.%2220%3A41%22%29%29:0
[ 1817903ms] [ERROR] Operation: SELECT tasks @ webpack-internal:///(app-pages-browser)/./node_modules/next/dist/next-devtools/userspace/app/errors/intercept-console-error.js:56
[ 1817903ms] [ERROR] Payload: null @ webpack-internal:///(app-pages-browser)/./node_modules/next/dist/next-devtools/userspace/app/errors/intercept-console-error.js:56
[ 1817903ms] [ERROR] Error: <HTTP 400> @ webpack-internal:///(app-pages-browser)/./node_modules/next/dist/next-devtools/userspace/app/errors/intercept-console-error.js:56
[ 1817903ms] [ERROR] HTTP Status: 400 @ webpack-internal:///(app-pages-browser)/./node_modules/next/dist/next-devtools/userspace/app/errors/intercept-console-error.js:56
[ 1817903ms] [ERROR] Supabase Error: <HTTP 400> @ webpack-internal:///(app-pages-browser)/./node_modules/next/dist/next-devtools/userspace/app/errors/intercept-console-error.js:56
[ 1817903ms] [ERROR] Suggested Root Cause: Check payload structure, RLS policies, or authentication session state. @ webpack-internal:///(app-pages-browser)/./node_modules/next/dist/next-devtools/userspace/app/errors/intercept-console-error.js:56
[ 1877825ms] [ERROR] Failed to load resource: the server responded with a status of 400 () @ https://ixqrijxdedtbxondzytn.supabase.co/rest/v1/tasks?select=id%2Ctitle%2Cfull_title%2Cpriority%2Creminder_time%2Cdue_time%2Cdue_date&user_id=eq.5e1d3715-4f0c-4473-99e6-1a00220be6d9&completed=eq.false&notification_sent=eq.false&or=%28reminder_time.lte.%222026-08-08T15%3A12%3A47.273Z%22%2Cand%28due_date.eq.%222026-08-08%22%2Cdue_time.lte.%2220%3A42%22%29%29:0
[ 1877827ms] [ERROR] Operation: SELECT tasks @ webpack-internal:///(app-pages-browser)/./node_modules/next/dist/next-devtools/userspace/app/errors/intercept-console-error.js:56
[ 1877827ms] [ERROR] Payload: null @ webpack-internal:///(app-pages-browser)/./node_modules/next/dist/next-devtools/userspace/app/errors/intercept-console-error.js:56
[ 1877827ms] [ERROR] Error: <HTTP 400> @ webpack-internal:///(app-pages-browser)/./node_modules/next/dist/next-devtools/userspace/app/errors/intercept-console-error.js:56
[ 1877827ms] [ERROR] HTTP Status: 400 @ webpack-internal:///(app-pages-browser)/./node_modules/next/dist/next-devtools/userspace/app/errors/intercept-console-error.js:56
[ 1877828ms] [ERROR] Supabase Error: <HTTP 400> @ webpack-internal:///(app-pages-browser)/./node_modules/next/dist/next-devtools/userspace/app/errors/intercept-console-error.js:56
[ 1877828ms] [ERROR] Suggested Root Cause: Check payload structure, RLS policies, or authentication session state. @ webpack-internal:///(app-pages-browser)/./node_modules/next/dist/next-devtools/userspace/app/errors/intercept-console-error.js:56
[ 1938693ms] [ERROR] Failed to load resource: the server responded with a status of 400 () @ https://ixqrijxdedtbxondzytn.supabase.co/rest/v1/tasks?select=id%2Ctitle%2Cfull_title%2Cpriority%2Creminder_time%2Cdue_time%2Cdue_date&user_id=eq.5e1d3715-4f0c-4473-99e6-1a00220be6d9&completed=eq.false&notification_sent=eq.false&or=%28reminder_time.lte.%222026-08-08T15%3A13%3A47.279Z%22%2Cand%28due_date.eq.%222026-08-08%22%2Cdue_time.lte.%2220%3A43%22%29%29:0
[ 1938695ms] [ERROR] Operation: SELECT tasks @ webpack-internal:///(app-pages-browser)/./node_modules/next/dist/next-devtools/userspace/app/errors/intercept-console-error.js:56
[ 1938695ms] [ERROR] Payload: null @ webpack-internal:///(app-pages-browser)/./node_modules/next/dist/next-devtools/userspace/app/errors/intercept-console-error.js:56
[ 1938695ms] [ERROR] Error: <HTTP 400> @ webpack-internal:///(app-pages-browser)/./node_modules/next/dist/next-devtools/userspace/app/errors/intercept-console-error.js:56
[ 1938695ms] [ERROR] HTTP Status: 400 @ webpack-internal:///(app-pages-browser)/./node_modules/next/dist/next-devtools/userspace/app/errors/intercept-console-error.js:56
[ 1938696ms] [ERROR] Supabase Error: <HTTP 400> @ webpack-internal:///(app-pages-browser)/./node_modules/next/dist/next-devtools/userspace/app/errors/intercept-console-error.js:56
[ 1938696ms] [ERROR] Suggested Root Cause: Check payload structure, RLS policies, or authentication session state. @ webpack-internal:///(app-pages-browser)/./node_modules/next/dist/next-devtools/userspace/app/errors/intercept-console-error.js:56
[ 1997872ms] [ERROR] Failed to load resource: the server responded with a status of 400 () @ https://ixqrijxdedtbxondzytn.supabase.co/rest/v1/tasks?select=id%2Ctitle%2Cfull_title%2Cpriority%2Creminder_time%2Cdue_time%2Cdue_date&user_id=eq.5e1d3715-4f0c-4473-99e6-1a00220be6d9&completed=eq.false&notification_sent=eq.false&or=%28reminder_time.lte.%222026-08-08T15%3A14%3A47.283Z%22%2Cand%28due_date.eq.%222026-08-08%22%2Cdue_time.lte.%2220%3A44%22%29%29:0
[ 1997873ms] [ERROR] Operation: SELECT tasks @ webpack-internal:///(app-pages-browser)/./node_modules/next/dist/next-devtools/userspace/app/errors/intercept-console-error.js:56
[ 1997873ms] [ERROR] Payload: null @ webpack-internal:///(app-pages-browser)/./node_modules/next/dist/next-devtools/userspace/app/errors/intercept-console-error.js:56
[ 1997873ms] [ERROR] Error: <HTTP 400> @ webpack-internal:///(app-pages-browser)/./node_modules/next/dist/next-devtools/userspace/app/errors/intercept-console-error.js:56
[ 1997873ms] [ERROR] HTTP Status: 400 @ webpack-internal:///(app-pages-browser)/./node_modules/next/dist/next-devtools/userspace/app/errors/intercept-console-error.js:56
[ 1997874ms] [ERROR] Supabase Error: <HTTP 400> @ webpack-internal:///(app-pages-browser)/./node_modules/next/dist/next-devtools/userspace/app/errors/intercept-console-error.js:56
[ 1997874ms] [ERROR] Suggested Root Cause: Check payload structure, RLS policies, or authentication session state. @ webpack-internal:///(app-pages-browser)/./node_modules/next/dist/next-devtools/userspace/app/errors/intercept-console-error.js:56
[ 2057755ms] [ERROR] Failed to load resource: the server responded with a status of 400 () @ https://ixqrijxdedtbxondzytn.supabase.co/rest/v1/tasks?select=id%2Ctitle%2Cfull_title%2Cpriority%2Creminder_time%2Cdue_time%2Cdue_date&user_id=eq.5e1d3715-4f0c-4473-99e6-1a00220be6d9&completed=eq.false&notification_sent=eq.false&or=%28reminder_time.lte.%222026-08-08T15%3A15%3A47.278Z%22%2Cand%28due_date.eq.%222026-08-08%22%2Cdue_time.lte.%2220%3A45%22%29%29:0
[ 2057756ms] [ERROR] Operation: SELECT tasks @ webpack-internal:///(app-pages-browser)/./node_modules/next/dist/next-devtools/userspace/app/errors/intercept-console-error.js:56
[ 2057756ms] [ERROR] Payload: null @ webpack-internal:///(app-pages-browser)/./node_modules/next/dist/next-devtools/userspace/app/errors/intercept-console-error.js:56
[ 2057756ms] [ERROR] Error: <HTTP 400> @ webpack-internal:///(app-pages-browser)/./node_modules/next/dist/next-devtools/userspace/app/errors/intercept-console-error.js:56
[ 2057756ms] [ERROR] HTTP Status: 400 @ webpack-internal:///(app-pages-browser)/./node_modules/next/dist/next-devtools/userspace/app/errors/intercept-console-error.js:56
[ 2057756ms] [ERROR] Supabase Error: <HTTP 400> @ webpack-internal:///(app-pages-browser)/./node_modules/next/dist/next-devtools/userspace/app/errors/intercept-console-error.js:56
[ 2057757ms] [ERROR] Suggested Root Cause: Check payload structure, RLS policies, or authentication session state. @ webpack-internal:///(app-pages-browser)/./node_modules/next/dist/next-devtools/userspace/app/errors/intercept-console-error.js:56
[ 2117820ms] [ERROR] Failed to load resource: the server responded with a status of 400 () @ https://ixqrijxdedtbxondzytn.supabase.co/rest/v1/tasks?select=id%2Ctitle%2Cfull_title%2Cpriority%2Creminder_time%2Cdue_time%2Cdue_date&user_id=eq.5e1d3715-4f0c-4473-99e6-1a00220be6d9&completed=eq.false&notification_sent=eq.false&or=%28reminder_time.lte.%222026-08-08T15%3A16%3A47.276Z%22%2Cand%28due_date.eq.%222026-08-08%22%2Cdue_time.lte.%2220%3A46%22%29%29:0
[ 2117821ms] [ERROR] Operation: SELECT tasks @ webpack-internal:///(app-pages-browser)/./node_modules/next/dist/next-devtools/userspace/app/errors/intercept-console-error.js:56
[ 2117821ms] [ERROR] Payload: null @ webpack-internal:///(app-pages-browser)/./node_modules/next/dist/next-devtools/userspace/app/errors/intercept-console-error.js:56
[ 2117821ms] [ERROR] Error: <HTTP 400> @ webpack-internal:///(app-pages-browser)/./node_modules/next/dist/next-devtools/userspace/app/errors/intercept-console-error.js:56
[ 2117821ms] [ERROR] HTTP Status: 400 @ webpack-internal:///(app-pages-browser)/./node_modules/next/dist/next-devtools/userspace/app/errors/intercept-console-error.js:56
[ 2117821ms] [ERROR] Supabase Error: <HTTP 400> @ webpack-internal:///(app-pages-browser)/./node_modules/next/dist/next-devtools/userspace/app/errors/intercept-console-error.js:56
[ 2117821ms] [ERROR] Suggested Root Cause: Check payload structure, RLS policies, or authentication session state. @ webpack-internal:///(app-pages-browser)/./node_modules/next/dist/next-devtools/userspace/app/errors/intercept-console-error.js:56
[ 2177753ms] [ERROR] Failed to load resource: the server responded with a status of 400 () @ https://ixqrijxdedtbxondzytn.supabase.co/rest/v1/tasks?select=id%2Ctitle%2Cfull_title%2Cpriority%2Creminder_time%2Cdue_time%2Cdue_date&user_id=eq.5e1d3715-4f0c-4473-99e6-1a00220be6d9&completed=eq.false&notification_sent=eq.false&or=%28reminder_time.lte.%222026-08-08T15%3A17%3A47.271Z%22%2Cand%28due_date.eq.%222026-08-08%22%2Cdue_time.lte.%2220%3A47%22%29%29:0
[ 2177754ms] [ERROR] Operation: SELECT tasks @ webpack-internal:///(app-pages-browser)/./node_modules/next/dist/next-devtools/userspace/app/errors/intercept-console-error.js:56
[ 2177754ms] [ERROR] Payload: null @ webpack-internal:///(app-pages-browser)/./node_modules/next/dist/next-devtools/userspace/app/errors/intercept-console-error.js:56
[ 2177755ms] [ERROR] Error: <HTTP 400> @ webpack-internal:///(app-pages-browser)/./node_modules/next/dist/next-devtools/userspace/app/errors/intercept-console-error.js:56
[ 2177755ms] [ERROR] HTTP Status: 400 @ webpack-internal:///(app-pages-browser)/./node_modules/next/dist/next-devtools/userspace/app/errors/intercept-console-error.js:56
[ 2177755ms] [ERROR] Supabase Error: <HTTP 400> @ webpack-internal:///(app-pages-browser)/./node_modules/next/dist/next-devtools/userspace/app/errors/intercept-console-error.js:56
[ 2177755ms] [ERROR] Suggested Root Cause: Check payload structure, RLS policies, or authentication session state. @ webpack-internal:///(app-pages-browser)/./node_modules/next/dist/next-devtools/userspace/app/errors/intercept-console-error.js:56
[ 2237856ms] [ERROR] Failed to load resource: the server responded with a status of 400 () @ https://ixqrijxdedtbxondzytn.supabase.co/rest/v1/tasks?select=id%2Ctitle%2Cfull_title%2Cpriority%2Creminder_time%2Cdue_time%2Cdue_date&user_id=eq.5e1d3715-4f0c-4473-99e6-1a00220be6d9&completed=eq.false&notification_sent=eq.false&or=%28reminder_time.lte.%222026-08-08T15%3A18%3A47.275Z%22%2Cand%28due_date.eq.%222026-08-08%22%2Cdue_time.lte.%2220%3A48%22%29%29:0
[ 2237857ms] [ERROR] Operation: SELECT tasks @ webpack-internal:///(app-pages-browser)/./node_modules/next/dist/next-devtools/userspace/app/errors/intercept-console-error.js:56
[ 2237857ms] [ERROR] Payload: null @ webpack-internal:///(app-pages-browser)/./node_modules/next/dist/next-devtools/userspace/app/errors/intercept-console-error.js:56
[ 2237858ms] [ERROR] Error: <HTTP 400> @ webpack-internal:///(app-pages-browser)/./node_modules/next/dist/next-devtools/userspace/app/errors/intercept-console-error.js:56
[ 2237858ms] [ERROR] HTTP Status: 400 @ webpack-internal:///(app-pages-browser)/./node_modules/next/dist/next-devtools/userspace/app/errors/intercept-console-error.js:56
[ 2237858ms] [ERROR] Supabase Error: <HTTP 400> @ webpack-internal:///(app-pages-browser)/./node_modules/next/dist/next-devtools/userspace/app/errors/intercept-console-error.js:56
[ 2237858ms] [ERROR] Suggested Root Cause: Check payload structure, RLS policies, or authentication session state. @ webpack-internal:///(app-pages-browser)/./node_modules/next/dist/next-devtools/userspace/app/errors/intercept-console-error.js:56
[ 2297778ms] [ERROR] Failed to load resource: the server responded with a status of 400 () @ https://ixqrijxdedtbxondzytn.supabase.co/rest/v1/tasks?select=id%2Ctitle%2Cfull_title%2Cpriority%2Creminder_time%2Cdue_time%2Cdue_date&user_id=eq.5e1d3715-4f0c-4473-99e6-1a00220be6d9&completed=eq.false&notification_sent=eq.false&or=%28reminder_time.lte.%222026-08-08T15%3A19%3A47.274Z%22%2Cand%28due_date.eq.%222026-08-08%22%2Cdue_time.lte.%2220%3A49%22%29%29:0
[ 2297779ms] [ERROR] Operation: SELECT tasks @ webpack-internal:///(app-pages-browser)/./node_modules/next/dist/next-devtools/userspace/app/errors/intercept-console-error.js:56
[ 2297779ms] [ERROR] Payload: null @ webpack-internal:///(app-pages-browser)/./node_modules/next/dist/next-devtools/userspace/app/errors/intercept-console-error.js:56
[ 2297779ms] [ERROR] Error: <HTTP 400> @ webpack-internal:///(app-pages-browser)/./node_modules/next/dist/next-devtools/userspace/app/errors/intercept-console-error.js:56
[ 2297779ms] [ERROR] HTTP Status: 400 @ webpack-internal:///(app-pages-browser)/./node_modules/next/dist/next-devtools/userspace/app/errors/intercept-console-error.js:56
[ 2297779ms] [ERROR] Supabase Error: <HTTP 400> @ webpack-internal:///(app-pages-browser)/./node_modules/next/dist/next-devtools/userspace/app/errors/intercept-console-error.js:56
[ 2297779ms] [ERROR] Suggested Root Cause: Check payload structure, RLS policies, or authentication session state. @ webpack-internal:///(app-pages-browser)/./node_modules/next/dist/next-devtools/userspace/app/errors/intercept-console-error.js:56
[ 2357806ms] [ERROR] Failed to load resource: the server responded with a status of 400 () @ https://ixqrijxdedtbxondzytn.supabase.co/rest/v1/tasks?select=id%2Ctitle%2Cfull_title%2Cpriority%2Creminder_time%2Cdue_time%2Cdue_date&user_id=eq.5e1d3715-4f0c-4473-99e6-1a00220be6d9&completed=eq.false&notification_sent=eq.false&or=%28reminder_time.lte.%222026-08-08T15%3A20%3A47.272Z%22%2Cand%28due_date.eq.%222026-08-08%22%2Cdue_time.lte.%2220%3A50%22%29%29:0
[ 2357807ms] [ERROR] Operation: SELECT tasks @ webpack-internal:///(app-pages-browser)/./node_modules/next/dist/next-devtools/userspace/app/errors/intercept-console-error.js:56
[ 2357807ms] [ERROR] Payload: null @ webpack-internal:///(app-pages-browser)/./node_modules/next/dist/next-devtools/userspace/app/errors/intercept-console-error.js:56
[ 2357807ms] [ERROR] Error: <HTTP 400> @ webpack-internal:///(app-pages-browser)/./node_modules/next/dist/next-devtools/userspace/app/errors/intercept-console-error.js:56
[ 2357807ms] [ERROR] HTTP Status: 400 @ webpack-internal:///(app-pages-browser)/./node_modules/next/dist/next-devtools/userspace/app/errors/intercept-console-error.js:56
[ 2357807ms] [ERROR] Supabase Error: <HTTP 400> @ webpack-internal:///(app-pages-browser)/./node_modules/next/dist/next-devtools/userspace/app/errors/intercept-console-error.js:56
[ 2357807ms] [ERROR] Suggested Root Cause: Check payload structure, RLS policies, or authentication session state. @ webpack-internal:///(app-pages-browser)/./node_modules/next/dist/next-devtools/userspace/app/errors/intercept-console-error.js:56
[ 2417800ms] [ERROR] Failed to load resource: the server responded with a status of 400 () @ https://ixqrijxdedtbxondzytn.supabase.co/rest/v1/tasks?select=id%2Ctitle%2Cfull_title%2Cpriority%2Creminder_time%2Cdue_time%2Cdue_date&user_id=eq.5e1d3715-4f0c-4473-99e6-1a00220be6d9&completed=eq.false&notification_sent=eq.false&or=%28reminder_time.lte.%222026-08-08T15%3A21%3A47.282Z%22%2Cand%28due_date.eq.%222026-08-08%22%2Cdue_time.lte.%2220%3A51%22%29%29:0
[ 2417802ms] [ERROR] Operation: SELECT tasks @ webpack-internal:///(app-pages-browser)/./node_modules/next/dist/next-devtools/userspace/app/errors/intercept-console-error.js:56
[ 2417802ms] [ERROR] Payload: null @ webpack-internal:///(app-pages-browser)/./node_modules/next/dist/next-devtools/userspace/app/errors/intercept-console-error.js:56
[ 2417802ms] [ERROR] Error: <HTTP 400> @ webpack-internal:///(app-pages-browser)/./node_modules/next/dist/next-devtools/userspace/app/errors/intercept-console-error.js:56
[ 2417802ms] [ERROR] HTTP Status: 400 @ webpack-internal:///(app-pages-browser)/./node_modules/next/dist/next-devtools/userspace/app/errors/intercept-console-error.js:56
[ 2417802ms] [ERROR] Supabase Error: <HTTP 400> @ webpack-internal:///(app-pages-browser)/./node_modules/next/dist/next-devtools/userspace/app/errors/intercept-console-error.js:56
[ 2417802ms] [ERROR] Suggested Root Cause: Check payload structure, RLS policies, or authentication session state. @ webpack-internal:///(app-pages-browser)/./node_modules/next/dist/next-devtools/userspace/app/errors/intercept-console-error.js:56
[ 2477443ms] [ERROR] Failed to load resource: the server responded with a status of 400 () @ https://ixqrijxdedtbxondzytn.supabase.co/rest/v1/tasks?select=id%2Ctitle%2Cfull_title%2Cpriority%2Creminder_time%2Cdue_time%2Cdue_date&user_id=eq.5e1d3715-4f0c-4473-99e6-1a00220be6d9&completed=eq.false&notification_sent=eq.false&or=%28reminder_time.lte.%222026-08-08T15%3A22%3A46.623Z%22%2Cand%28due_date.eq.%222026-08-08%22%2Cdue_time.lte.%2220%3A52%22%29%29:0
[ 2477449ms] [ERROR] Operation: SELECT tasks @ webpack-internal:///(app-pages-browser)/./node_modules/next/dist/next-devtools/userspace/app/errors/intercept-console-error.js:56
[ 2477449ms] [ERROR] Payload: null @ webpack-internal:///(app-pages-browser)/./node_modules/next/dist/next-devtools/userspace/app/errors/intercept-console-error.js:56
[ 2477449ms] [ERROR] Error: <HTTP 400> @ webpack-internal:///(app-pages-browser)/./node_modules/next/dist/next-devtools/userspace/app/errors/intercept-console-error.js:56
[ 2477449ms] [ERROR] HTTP Status: 400 @ webpack-internal:///(app-pages-browser)/./node_modules/next/dist/next-devtools/userspace/app/errors/intercept-console-error.js:56
[ 2477449ms] [ERROR] Supabase Error: <HTTP 400> @ webpack-internal:///(app-pages-browser)/./node_modules/next/dist/next-devtools/userspace/app/errors/intercept-console-error.js:56
[ 2477449ms] [ERROR] Suggested Root Cause: Check payload structure, RLS policies, or authentication session state. @ webpack-internal:///(app-pages-browser)/./node_modules/next/dist/next-devtools/userspace/app/errors/intercept-console-error.js:56
[ 2477649ms] [ERROR] Failed to load resource: the server responded with a status of 400 () @ https://ixqrijxdedtbxondzytn.supabase.co/rest/v1/tasks?select=id%2Ctitle%2Cfull_title%2Cpriority%2Creminder_time%2Cdue_time%2Cdue_date&user_id=eq.5e1d3715-4f0c-4473-99e6-1a00220be6d9&completed=eq.false&notification_sent=eq.false&or=%28reminder_time.lte.%222026-08-08T15%3A22%3A47.232Z%22%2Cand%28due_date.eq.%222026-08-08%22%2Cdue_time.lte.%2220%3A52%22%29%29:0
[ 2477650ms] [ERROR] Operation: SELECT tasks @ webpack-internal:///(app-pages-browser)/./node_modules/next/dist/next-devtools/userspace/app/errors/intercept-console-error.js:56
[ 2477650ms] [ERROR] Payload: null @ webpack-internal:///(app-pages-browser)/./node_modules/next/dist/next-devtools/userspace/app/errors/intercept-console-error.js:56
[ 2477650ms] [ERROR] Error: <HTTP 400> @ webpack-internal:///(app-pages-browser)/./node_modules/next/dist/next-devtools/userspace/app/errors/intercept-console-error.js:56
[ 2477650ms] [ERROR] HTTP Status: 400 @ webpack-internal:///(app-pages-browser)/./node_modules/next/dist/next-devtools/userspace/app/errors/intercept-console-error.js:56
[ 2477651ms] [ERROR] Supabase Error: <HTTP 400> @ webpack-internal:///(app-pages-browser)/./node_modules/next/dist/next-devtools/userspace/app/errors/intercept-console-error.js:56
[ 2477651ms] [ERROR] Suggested Root Cause: Check payload structure, RLS policies, or authentication session state. @ webpack-internal:///(app-pages-browser)/./node_modules/next/dist/next-devtools/userspace/app/errors/intercept-console-error.js:56
[ 2537806ms] [ERROR] Failed to load resource: the server responded with a status of 400 () @ https://ixqrijxdedtbxondzytn.supabase.co/rest/v1/tasks?select=id%2Ctitle%2Cfull_title%2Cpriority%2Creminder_time%2Cdue_time%2Cdue_date&user_id=eq.5e1d3715-4f0c-4473-99e6-1a00220be6d9&completed=eq.false&notification_sent=eq.false&or=%28reminder_time.lte.%222026-08-08T15%3A23%3A47.233Z%22%2Cand%28due_date.eq.%222026-08-08%22%2Cdue_time.lte.%2220%3A53%22%29%29:0
[ 2537807ms] [ERROR] Operation: SELECT tasks @ webpack-internal:///(app-pages-browser)/./node_modules/next/dist/next-devtools/userspace/app/errors/intercept-console-error.js:56
[ 2537807ms] [ERROR] Payload: null @ webpack-internal:///(app-pages-browser)/./node_modules/next/dist/next-devtools/userspace/app/errors/intercept-console-error.js:56
[ 2537807ms] [ERROR] Error: <HTTP 400> @ webpack-internal:///(app-pages-browser)/./node_modules/next/dist/next-devtools/userspace/app/errors/intercept-console-error.js:56
[ 2537807ms] [ERROR] HTTP Status: 400 @ webpack-internal:///(app-pages-browser)/./node_modules/next/dist/next-devtools/userspace/app/errors/intercept-console-error.js:56
[ 2537807ms] [ERROR] Supabase Error: <HTTP 400> @ webpack-internal:///(app-pages-browser)/./node_modules/next/dist/next-devtools/userspace/app/errors/intercept-console-error.js:56
[ 2537808ms] [ERROR] Suggested Root Cause: Check payload structure, RLS policies, or authentication session state. @ webpack-internal:///(app-pages-browser)/./node_modules/next/dist/next-devtools/userspace/app/errors/intercept-console-error.js:56
[ 2598317ms] [ERROR] Failed to load resource: the server responded with a status of 400 () @ https://ixqrijxdedtbxondzytn.supabase.co/rest/v1/tasks?select=id%2Ctitle%2Cfull_title%2Cpriority%2Creminder_time%2Cdue_time%2Cdue_date&user_id=eq.5e1d3715-4f0c-4473-99e6-1a00220be6d9&completed=eq.false&notification_sent=eq.false&or=%28reminder_time.lte.%222026-08-08T15%3A24%3A47.248Z%22%2Cand%28due_date.eq.%222026-08-08%22%2Cdue_time.lte.%2220%3A54%22%29%29:0
[ 2598319ms] [ERROR] Operation: SELECT tasks @ webpack-internal:///(app-pages-browser)/./node_modules/next/dist/next-devtools/userspace/app/errors/intercept-console-error.js:56
[ 2598319ms] [ERROR] Payload: null @ webpack-internal:///(app-pages-browser)/./node_modules/next/dist/next-devtools/userspace/app/errors/intercept-console-error.js:56
[ 2598319ms] [ERROR] Error: <HTTP 400> @ webpack-internal:///(app-pages-browser)/./node_modules/next/dist/next-devtools/userspace/app/errors/intercept-console-error.js:56
[ 2598319ms] [ERROR] HTTP Status: 400 @ webpack-internal:///(app-pages-browser)/./node_modules/next/dist/next-devtools/userspace/app/errors/intercept-console-error.js:56
[ 2598319ms] [ERROR] Supabase Error: <HTTP 400> @ webpack-internal:///(app-pages-browser)/./node_modules/next/dist/next-devtools/userspace/app/errors/intercept-console-error.js:56
[ 2598319ms] [ERROR] Suggested Root Cause: Check payload structure, RLS policies, or authentication session state. @ webpack-internal:///(app-pages-browser)/./node_modules/next/dist/next-devtools/userspace/app/errors/intercept-console-error.js:56
[ 2657838ms] [ERROR] Failed to load resource: the server responded with a status of 400 () @ https://ixqrijxdedtbxondzytn.supabase.co/rest/v1/tasks?select=id%2Ctitle%2Cfull_title%2Cpriority%2Creminder_time%2Cdue_time%2Cdue_date&user_id=eq.5e1d3715-4f0c-4473-99e6-1a00220be6d9&completed=eq.false&notification_sent=eq.false&or=%28reminder_time.lte.%222026-08-08T15%3A25%3A47.240Z%22%2Cand%28due_date.eq.%222026-08-08%22%2Cdue_time.lte.%2220%3A55%22%29%29:0
[ 2657839ms] [ERROR] Operation: SELECT tasks @ webpack-internal:///(app-pages-browser)/./node_modules/next/dist/next-devtools/userspace/app/errors/intercept-console-error.js:56
[ 2657839ms] [ERROR] Payload: null @ webpack-internal:///(app-pages-browser)/./node_modules/next/dist/next-devtools/userspace/app/errors/intercept-console-error.js:56
[ 2657839ms] [ERROR] Error: <HTTP 400> @ webpack-internal:///(app-pages-browser)/./node_modules/next/dist/next-devtools/userspace/app/errors/intercept-console-error.js:56
[ 2657839ms] [ERROR] HTTP Status: 400 @ webpack-internal:///(app-pages-browser)/./node_modules/next/dist/next-devtools/userspace/app/errors/intercept-console-error.js:56
[ 2657839ms] [ERROR] Supabase Error: <HTTP 400> @ webpack-internal:///(app-pages-browser)/./node_modules/next/dist/next-devtools/userspace/app/errors/intercept-console-error.js:56
[ 2657839ms] [ERROR] Suggested Root Cause: Check payload structure, RLS policies, or authentication session state. @ webpack-internal:///(app-pages-browser)/./node_modules/next/dist/next-devtools/userspace/app/errors/intercept-console-error.js:56
[ 2717943ms] [ERROR] Failed to load resource: the server responded with a status of 400 () @ https://ixqrijxdedtbxondzytn.supabase.co/rest/v1/tasks?select=id%2Ctitle%2Cfull_title%2Cpriority%2Creminder_time%2Cdue_time%2Cdue_date&user_id=eq.5e1d3715-4f0c-4473-99e6-1a00220be6d9&completed=eq.false&notification_sent=eq.false&or=%28reminder_time.lte.%222026-08-08T15%3A26%3A47.237Z%22%2Cand%28due_date.eq.%222026-08-08%22%2Cdue_time.lte.%2220%3A56%22%29%29:0
[ 2717944ms] [ERROR] Operation: SELECT tasks @ webpack-internal:///(app-pages-browser)/./node_modules/next/dist/next-devtools/userspace/app/errors/intercept-console-error.js:56
[ 2717944ms] [ERROR] Payload: null @ webpack-internal:///(app-pages-browser)/./node_modules/next/dist/next-devtools/userspace/app/errors/intercept-console-error.js:56
[ 2717944ms] [ERROR] Error: <HTTP 400> @ webpack-internal:///(app-pages-browser)/./node_modules/next/dist/next-devtools/userspace/app/errors/intercept-console-error.js:56
[ 2717944ms] [ERROR] HTTP Status: 400 @ webpack-internal:///(app-pages-browser)/./node_modules/next/dist/next-devtools/userspace/app/errors/intercept-console-error.js:56
[ 2717944ms] [ERROR] Supabase Error: <HTTP 400> @ webpack-internal:///(app-pages-browser)/./node_modules/next/dist/next-devtools/userspace/app/errors/intercept-console-error.js:56
[ 2717945ms] [ERROR] Suggested Root Cause: Check payload structure, RLS policies, or authentication session state. @ webpack-internal:///(app-pages-browser)/./node_modules/next/dist/next-devtools/userspace/app/errors/intercept-console-error.js:56
[ 2777784ms] [ERROR] Failed to load resource: the server responded with a status of 400 () @ https://ixqrijxdedtbxondzytn.supabase.co/rest/v1/tasks?select=id%2Ctitle%2Cfull_title%2Cpriority%2Creminder_time%2Cdue_time%2Cdue_date&user_id=eq.5e1d3715-4f0c-4473-99e6-1a00220be6d9&completed=eq.false&notification_sent=eq.false&or=%28reminder_time.lte.%222026-08-08T15%3A27%3A47.234Z%22%2Cand%28due_date.eq.%222026-08-08%22%2Cdue_time.lte.%2220%3A57%22%29%29:0
[ 2777785ms] [ERROR] Operation: SELECT tasks @ webpack-internal:///(app-pages-browser)/./node_modules/next/dist/next-devtools/userspace/app/errors/intercept-console-error.js:56
[ 2777785ms] [ERROR] Payload: null @ webpack-internal:///(app-pages-browser)/./node_modules/next/dist/next-devtools/userspace/app/errors/intercept-console-error.js:56
[ 2777785ms] [ERROR] Error: <HTTP 400> @ webpack-internal:///(app-pages-browser)/./node_modules/next/dist/next-devtools/userspace/app/errors/intercept-console-error.js:56
[ 2777785ms] [ERROR] HTTP Status: 400 @ webpack-internal:///(app-pages-browser)/./node_modules/next/dist/next-devtools/userspace/app/errors/intercept-console-error.js:56
[ 2777786ms] [ERROR] Supabase Error: <HTTP 400> @ webpack-internal:///(app-pages-browser)/./node_modules/next/dist/next-devtools/userspace/app/errors/intercept-console-error.js:56
[ 2777786ms] [ERROR] Suggested Root Cause: Check payload structure, RLS policies, or authentication session state. @ webpack-internal:///(app-pages-browser)/./node_modules/next/dist/next-devtools/userspace/app/errors/intercept-console-error.js:56
[ 2837791ms] [ERROR] Failed to load resource: the server responded with a status of 400 () @ https://ixqrijxdedtbxondzytn.supabase.co/rest/v1/tasks?select=id%2Ctitle%2Cfull_title%2Cpriority%2Creminder_time%2Cdue_time%2Cdue_date&user_id=eq.5e1d3715-4f0c-4473-99e6-1a00220be6d9&completed=eq.false&notification_sent=eq.false&or=%28reminder_time.lte.%222026-08-08T15%3A28%3A47.242Z%22%2Cand%28due_date.eq.%222026-08-08%22%2Cdue_time.lte.%2220%3A58%22%29%29:0
[ 2837792ms] [ERROR] Operation: SELECT tasks @ webpack-internal:///(app-pages-browser)/./node_modules/next/dist/next-devtools/userspace/app/errors/intercept-console-error.js:56
[ 2837792ms] [ERROR] Payload: null @ webpack-internal:///(app-pages-browser)/./node_modules/next/dist/next-devtools/userspace/app/errors/intercept-console-error.js:56
[ 2837792ms] [ERROR] Error: <HTTP 400> @ webpack-internal:///(app-pages-browser)/./node_modules/next/dist/next-devtools/userspace/app/errors/intercept-console-error.js:56
[ 2837792ms] [ERROR] HTTP Status: 400 @ webpack-internal:///(app-pages-browser)/./node_modules/next/dist/next-devtools/userspace/app/errors/intercept-console-error.js:56
[ 2837792ms] [ERROR] Supabase Error: <HTTP 400> @ webpack-internal:///(app-pages-browser)/./node_modules/next/dist/next-devtools/userspace/app/errors/intercept-console-error.js:56
[ 2837792ms] [ERROR] Suggested Root Cause: Check payload structure, RLS policies, or authentication session state. @ webpack-internal:///(app-pages-browser)/./node_modules/next/dist/next-devtools/userspace/app/errors/intercept-console-error.js:56
[ 2897938ms] [ERROR] Failed to load resource: the server responded with a status of 400 () @ https://ixqrijxdedtbxondzytn.supabase.co/rest/v1/tasks?select=id%2Ctitle%2Cfull_title%2Cpriority%2Creminder_time%2Cdue_time%2Cdue_date&user_id=eq.5e1d3715-4f0c-4473-99e6-1a00220be6d9&completed=eq.false&notification_sent=eq.false&or=%28reminder_time.lte.%222026-08-08T15%3A29%3A47.243Z%22%2Cand%28due_date.eq.%222026-08-08%22%2Cdue_time.lte.%2220%3A59%22%29%29:0
[ 2897940ms] [ERROR] Operation: SELECT tasks @ webpack-internal:///(app-pages-browser)/./node_modules/next/dist/next-devtools/userspace/app/errors/intercept-console-error.js:56
[ 2897940ms] [ERROR] Payload: null @ webpack-internal:///(app-pages-browser)/./node_modules/next/dist/next-devtools/userspace/app/errors/intercept-console-error.js:56
[ 2897943ms] [ERROR] Error: <HTTP 400> @ webpack-internal:///(app-pages-browser)/./node_modules/next/dist/next-devtools/userspace/app/errors/intercept-console-error.js:56
[ 2897945ms] [ERROR] HTTP Status: 400 @ webpack-internal:///(app-pages-browser)/./node_modules/next/dist/next-devtools/userspace/app/errors/intercept-console-error.js:56
[ 2897947ms] [ERROR] Supabase Error: <HTTP 400> @ webpack-internal:///(app-pages-browser)/./node_modules/next/dist/next-devtools/userspace/app/errors/intercept-console-error.js:56
[ 2897948ms] [ERROR] Suggested Root Cause: Check payload structure, RLS policies, or authentication session state. @ webpack-internal:///(app-pages-browser)/./node_modules/next/dist/next-devtools/userspace/app/errors/intercept-console-error.js:56
[ 2957709ms] [ERROR] Failed to load resource: the server responded with a status of 400 () @ https://ixqrijxdedtbxondzytn.supabase.co/rest/v1/tasks?select=id%2Ctitle%2Cfull_title%2Cpriority%2Creminder_time%2Cdue_time%2Cdue_date&user_id=eq.5e1d3715-4f0c-4473-99e6-1a00220be6d9&completed=eq.false&notification_sent=eq.false&or=%28reminder_time.lte.%222026-08-08T15%3A30%3A47.233Z%22%2Cand%28due_date.eq.%222026-08-08%22%2Cdue_time.lte.%2221%3A00%22%29%29:0
[ 2957711ms] [ERROR] Operation: SELECT tasks @ webpack-internal:///(app-pages-browser)/./node_modules/next/dist/next-devtools/userspace/app/errors/intercept-console-error.js:56
[ 2957711ms] [ERROR] Payload: null @ webpack-internal:///(app-pages-browser)/./node_modules/next/dist/next-devtools/userspace/app/errors/intercept-console-error.js:56
[ 2957711ms] [ERROR] Error: <HTTP 400> @ webpack-internal:///(app-pages-browser)/./node_modules/next/dist/next-devtools/userspace/app/errors/intercept-console-error.js:56
[ 2957711ms] [ERROR] HTTP Status: 400 @ webpack-internal:///(app-pages-browser)/./node_modules/next/dist/next-devtools/userspace/app/errors/intercept-console-error.js:56
[ 2957712ms] [ERROR] Supabase Error: <HTTP 400> @ webpack-internal:///(app-pages-browser)/./node_modules/next/dist/next-devtools/userspace/app/errors/intercept-console-error.js:56
[ 2957712ms] [ERROR] Suggested Root Cause: Check payload structure, RLS policies, or authentication session state. @ webpack-internal:///(app-pages-browser)/./node_modules/next/dist/next-devtools/userspace/app/errors/intercept-console-error.js:56
[ 3018050ms] [ERROR] Failed to load resource: the server responded with a status of 400 () @ https://ixqrijxdedtbxondzytn.supabase.co/rest/v1/tasks?select=id%2Ctitle%2Cfull_title%2Cpriority%2Creminder_time%2Cdue_time%2Cdue_date&user_id=eq.5e1d3715-4f0c-4473-99e6-1a00220be6d9&completed=eq.false&notification_sent=eq.false&or=%28reminder_time.lte.%222026-08-08T15%3A31%3A47.239Z%22%2Cand%28due_date.eq.%222026-08-08%22%2Cdue_time.lte.%2221%3A01%22%29%29:0
[ 3018051ms] [ERROR] Operation: SELECT tasks @ webpack-internal:///(app-pages-browser)/./node_modules/next/dist/next-devtools/userspace/app/errors/intercept-console-error.js:56
[ 3018051ms] [ERROR] Payload: null @ webpack-internal:///(app-pages-browser)/./node_modules/next/dist/next-devtools/userspace/app/errors/intercept-console-error.js:56
[ 3018052ms] [ERROR] Error: <HTTP 400> @ webpack-internal:///(app-pages-browser)/./node_modules/next/dist/next-devtools/userspace/app/errors/intercept-console-error.js:56
[ 3018052ms] [ERROR] HTTP Status: 400 @ webpack-internal:///(app-pages-browser)/./node_modules/next/dist/next-devtools/userspace/app/errors/intercept-console-error.js:56
[ 3018052ms] [ERROR] Supabase Error: <HTTP 400> @ webpack-internal:///(app-pages-browser)/./node_modules/next/dist/next-devtools/userspace/app/errors/intercept-console-error.js:56
[ 3018052ms] [ERROR] Suggested Root Cause: Check payload structure, RLS policies, or authentication session state. @ webpack-internal:///(app-pages-browser)/./node_modules/next/dist/next-devtools/userspace/app/errors/intercept-console-error.js:56
[ 3077769ms] [ERROR] Failed to load resource: the server responded with a status of 400 () @ https://ixqrijxdedtbxondzytn.supabase.co/rest/v1/tasks?select=id%2Ctitle%2Cfull_title%2Cpriority%2Creminder_time%2Cdue_time%2Cdue_date&user_id=eq.5e1d3715-4f0c-4473-99e6-1a00220be6d9&completed=eq.false&notification_sent=eq.false&or=%28reminder_time.lte.%222026-08-08T15%3A32%3A47.239Z%22%2Cand%28due_date.eq.%222026-08-08%22%2Cdue_time.lte.%2221%3A02%22%29%29:0
[ 3077770ms] [ERROR] Operation: SELECT tasks @ webpack-internal:///(app-pages-browser)/./node_modules/next/dist/next-devtools/userspace/app/errors/intercept-console-error.js:56
[ 3077771ms] [ERROR] Payload: null @ webpack-internal:///(app-pages-browser)/./node_modules/next/dist/next-devtools/userspace/app/errors/intercept-console-error.js:56
[ 3077771ms] [ERROR] Error: <HTTP 400> @ webpack-internal:///(app-pages-browser)/./node_modules/next/dist/next-devtools/userspace/app/errors/intercept-console-error.js:56
[ 3077774ms] [ERROR] HTTP Status: 400 @ webpack-internal:///(app-pages-browser)/./node_modules/next/dist/next-devtools/userspace/app/errors/intercept-console-error.js:56
[ 3077775ms] [ERROR] Supabase Error: <HTTP 400> @ webpack-internal:///(app-pages-browser)/./node_modules/next/dist/next-devtools/userspace/app/errors/intercept-console-error.js:56
[ 3077775ms] [ERROR] Suggested Root Cause: Check payload structure, RLS policies, or authentication session state. @ webpack-internal:///(app-pages-browser)/./node_modules/next/dist/next-devtools/userspace/app/errors/intercept-console-error.js:56
[ 3137806ms] [ERROR] Failed to load resource: the server responded with a status of 400 () @ https://ixqrijxdedtbxondzytn.supabase.co/rest/v1/tasks?select=id%2Ctitle%2Cfull_title%2Cpriority%2Creminder_time%2Cdue_time%2Cdue_date&user_id=eq.5e1d3715-4f0c-4473-99e6-1a00220be6d9&completed=eq.false&notification_sent=eq.false&or=%28reminder_time.lte.%222026-08-08T15%3A33%3A47.238Z%22%2Cand%28due_date.eq.%222026-08-08%22%2Cdue_time.lte.%2221%3A03%22%29%29:0
[ 3137808ms] [ERROR] Operation: SELECT tasks @ webpack-internal:///(app-pages-browser)/./node_modules/next/dist/next-devtools/userspace/app/errors/intercept-console-error.js:56
[ 3137808ms] [ERROR] Payload: null @ webpack-internal:///(app-pages-browser)/./node_modules/next/dist/next-devtools/userspace/app/errors/intercept-console-error.js:56
[ 3137809ms] [ERROR] Error: <HTTP 400> @ webpack-internal:///(app-pages-browser)/./node_modules/next/dist/next-devtools/userspace/app/errors/intercept-console-error.js:56
[ 3137809ms] [ERROR] HTTP Status: 400 @ webpack-internal:///(app-pages-browser)/./node_modules/next/dist/next-devtools/userspace/app/errors/intercept-console-error.js:56
[ 3137810ms] [ERROR] Supabase Error: <HTTP 400> @ webpack-internal:///(app-pages-browser)/./node_modules/next/dist/next-devtools/userspace/app/errors/intercept-console-error.js:56
[ 3137811ms] [ERROR] Suggested Root Cause: Check payload structure, RLS policies, or authentication session state. @ webpack-internal:///(app-pages-browser)/./node_modules/next/dist/next-devtools/userspace/app/errors/intercept-console-error.js:56
[ 3197751ms] [ERROR] Failed to load resource: the server responded with a status of 400 () @ https://ixqrijxdedtbxondzytn.supabase.co/rest/v1/tasks?select=id%2Ctitle%2Cfull_title%2Cpriority%2Creminder_time%2Cdue_time%2Cdue_date&user_id=eq.5e1d3715-4f0c-4473-99e6-1a00220be6d9&completed=eq.false&notification_sent=eq.false&or=%28reminder_time.lte.%222026-08-08T15%3A34%3A47.245Z%22%2Cand%28due_date.eq.%222026-08-08%22%2Cdue_time.lte.%2221%3A04%22%29%29:0
[ 3197754ms] [ERROR] Operation: SELECT tasks @ webpack-internal:///(app-pages-browser)/./node_modules/next/dist/next-devtools/userspace/app/errors/intercept-console-error.js:56
[ 3197754ms] [ERROR] Payload: null @ webpack-internal:///(app-pages-browser)/./node_modules/next/dist/next-devtools/userspace/app/errors/intercept-console-error.js:56
[ 3197754ms] [ERROR] Error: <HTTP 400> @ webpack-internal:///(app-pages-browser)/./node_modules/next/dist/next-devtools/userspace/app/errors/intercept-console-error.js:56
[ 3197755ms] [ERROR] HTTP Status: 400 @ webpack-internal:///(app-pages-browser)/./node_modules/next/dist/next-devtools/userspace/app/errors/intercept-console-error.js:56
[ 3197755ms] [ERROR] Supabase Error: <HTTP 400> @ webpack-internal:///(app-pages-browser)/./node_modules/next/dist/next-devtools/userspace/app/errors/intercept-console-error.js:56
[ 3197756ms] [ERROR] Suggested Root Cause: Check payload structure, RLS policies, or authentication session state. @ webpack-internal:///(app-pages-browser)/./node_modules/next/dist/next-devtools/userspace/app/errors/intercept-console-error.js:56
[ 3257993ms] [ERROR] Failed to load resource: the server responded with a status of 400 () @ https://ixqrijxdedtbxondzytn.supabase.co/rest/v1/tasks?select=id%2Ctitle%2Cfull_title%2Cpriority%2Creminder_time%2Cdue_time%2Cdue_date&user_id=eq.5e1d3715-4f0c-4473-99e6-1a00220be6d9&completed=eq.false&notification_sent=eq.false&or=%28reminder_time.lte.%222026-08-08T15%3A35%3A47.236Z%22%2Cand%28due_date.eq.%222026-08-08%22%2Cdue_time.lte.%2221%3A05%22%29%29:0
[ 3257995ms] [ERROR] Operation: SELECT tasks @ webpack-internal:///(app-pages-browser)/./node_modules/next/dist/next-devtools/userspace/app/errors/intercept-console-error.js:56
[ 3257995ms] [ERROR] Payload: null @ webpack-internal:///(app-pages-browser)/./node_modules/next/dist/next-devtools/userspace/app/errors/intercept-console-error.js:56
[ 3257995ms] [ERROR] Error: <HTTP 400> @ webpack-internal:///(app-pages-browser)/./node_modules/next/dist/next-devtools/userspace/app/errors/intercept-console-error.js:56
[ 3257995ms] [ERROR] HTTP Status: 400 @ webpack-internal:///(app-pages-browser)/./node_modules/next/dist/next-devtools/userspace/app/errors/intercept-console-error.js:56
[ 3257996ms] [ERROR] Supabase Error: <HTTP 400> @ webpack-internal:///(app-pages-browser)/./node_modules/next/dist/next-devtools/userspace/app/errors/intercept-console-error.js:56
[ 3257996ms] [ERROR] Suggested Root Cause: Check payload structure, RLS policies, or authentication session state. @ webpack-internal:///(app-pages-browser)/./node_modules/next/dist/next-devtools/userspace/app/errors/intercept-console-error.js:56
[ 3317856ms] [ERROR] Failed to load resource: the server responded with a status of 400 () @ https://ixqrijxdedtbxondzytn.supabase.co/rest/v1/tasks?select=id%2Ctitle%2Cfull_title%2Cpriority%2Creminder_time%2Cdue_time%2Cdue_date&user_id=eq.5e1d3715-4f0c-4473-99e6-1a00220be6d9&completed=eq.false&notification_sent=eq.false&or=%28reminder_time.lte.%222026-08-08T15%3A36%3A47.235Z%22%2Cand%28due_date.eq.%222026-08-08%22%2Cdue_time.lte.%2221%3A06%22%29%29:0
[ 3317858ms] [ERROR] Operation: SELECT tasks @ webpack-internal:///(app-pages-browser)/./node_modules/next/dist/next-devtools/userspace/app/errors/intercept-console-error.js:56
[ 3317858ms] [ERROR] Payload: null @ webpack-internal:///(app-pages-browser)/./node_modules/next/dist/next-devtools/userspace/app/errors/intercept-console-error.js:56
[ 3317858ms] [ERROR] Error: <HTTP 400> @ webpack-internal:///(app-pages-browser)/./node_modules/next/dist/next-devtools/userspace/app/errors/intercept-console-error.js:56
[ 3317859ms] [ERROR] HTTP Status: 400 @ webpack-internal:///(app-pages-browser)/./node_modules/next/dist/next-devtools/userspace/app/errors/intercept-console-error.js:56
[ 3317859ms] [ERROR] Supabase Error: <HTTP 400> @ webpack-internal:///(app-pages-browser)/./node_modules/next/dist/next-devtools/userspace/app/errors/intercept-console-error.js:56
[ 3317859ms] [ERROR] Suggested Root Cause: Check payload structure, RLS policies, or authentication session state. @ webpack-internal:///(app-pages-browser)/./node_modules/next/dist/next-devtools/userspace/app/errors/intercept-console-error.js:56
[ 3377786ms] [ERROR] Failed to load resource: the server responded with a status of 400 () @ https://ixqrijxdedtbxondzytn.supabase.co/rest/v1/tasks?select=id%2Ctitle%2Cfull_title%2Cpriority%2Creminder_time%2Cdue_time%2Cdue_date&user_id=eq.5e1d3715-4f0c-4473-99e6-1a00220be6d9&completed=eq.false&notification_sent=eq.false&or=%28reminder_time.lte.%222026-08-08T15%3A37%3A47.239Z%22%2Cand%28due_date.eq.%222026-08-08%22%2Cdue_time.lte.%2221%3A07%22%29%29:0
[ 3377788ms] [ERROR] Operation: SELECT tasks @ webpack-internal:///(app-pages-browser)/./node_modules/next/dist/next-devtools/userspace/app/errors/intercept-console-error.js:56
[ 3377788ms] [ERROR] Payload: null @ webpack-internal:///(app-pages-browser)/./node_modules/next/dist/next-devtools/userspace/app/errors/intercept-console-error.js:56
[ 3377789ms] [ERROR] Error: <HTTP 400> @ webpack-internal:///(app-pages-browser)/./node_modules/next/dist/next-devtools/userspace/app/errors/intercept-console-error.js:56
[ 3377789ms] [ERROR] HTTP Status: 400 @ webpack-internal:///(app-pages-browser)/./node_modules/next/dist/next-devtools/userspace/app/errors/intercept-console-error.js:56
[ 3377789ms] [ERROR] Supabase Error: <HTTP 400> @ webpack-internal:///(app-pages-browser)/./node_modules/next/dist/next-devtools/userspace/app/errors/intercept-console-error.js:56
[ 3377789ms] [ERROR] Suggested Root Cause: Check payload structure, RLS policies, or authentication session state. @ webpack-internal:///(app-pages-browser)/./node_modules/next/dist/next-devtools/userspace/app/errors/intercept-console-error.js:56
[ 3437746ms] [ERROR] Failed to load resource: the server responded with a status of 400 () @ https://ixqrijxdedtbxondzytn.supabase.co/rest/v1/tasks?select=id%2Ctitle%2Cfull_title%2Cpriority%2Creminder_time%2Cdue_time%2Cdue_date&user_id=eq.5e1d3715-4f0c-4473-99e6-1a00220be6d9&completed=eq.false&notification_sent=eq.false&or=%28reminder_time.lte.%222026-08-08T15%3A38%3A47.237Z%22%2Cand%28due_date.eq.%222026-08-08%22%2Cdue_time.lte.%2221%3A08%22%29%29:0
[ 3437749ms] [ERROR] Operation: SELECT tasks @ webpack-internal:///(app-pages-browser)/./node_modules/next/dist/next-devtools/userspace/app/errors/intercept-console-error.js:56
[ 3437749ms] [ERROR] Payload: null @ webpack-internal:///(app-pages-browser)/./node_modules/next/dist/next-devtools/userspace/app/errors/intercept-console-error.js:56
[ 3437749ms] [ERROR] Error: <HTTP 400> @ webpack-internal:///(app-pages-browser)/./node_modules/next/dist/next-devtools/userspace/app/errors/intercept-console-error.js:56
[ 3437750ms] [ERROR] HTTP Status: 400 @ webpack-internal:///(app-pages-browser)/./node_modules/next/dist/next-devtools/userspace/app/errors/intercept-console-error.js:56
[ 3437750ms] [ERROR] Supabase Error: <HTTP 400> @ webpack-internal:///(app-pages-browser)/./node_modules/next/dist/next-devtools/userspace/app/errors/intercept-console-error.js:56
[ 3437750ms] [ERROR] Suggested Root Cause: Check payload structure, RLS policies, or authentication session state. @ webpack-internal:///(app-pages-browser)/./node_modules/next/dist/next-devtools/userspace/app/errors/intercept-console-error.js:56
[ 3497774ms] [ERROR] Failed to load resource: the server responded with a status of 400 () @ https://ixqrijxdedtbxondzytn.supabase.co/rest/v1/tasks?select=id%2Ctitle%2Cfull_title%2Cpriority%2Creminder_time%2Cdue_time%2Cdue_date&user_id=eq.5e1d3715-4f0c-4473-99e6-1a00220be6d9&completed=eq.false&notification_sent=eq.false&or=%28reminder_time.lte.%222026-08-08T15%3A39%3A47.236Z%22%2Cand%28due_date.eq.%222026-08-08%22%2Cdue_time.lte.%2221%3A09%22%29%29:0
[ 3497776ms] [ERROR] Operation: SELECT tasks @ webpack-internal:///(app-pages-browser)/./node_modules/next/dist/next-devtools/userspace/app/errors/intercept-console-error.js:56
[ 3497776ms] [ERROR] Payload: null @ webpack-internal:///(app-pages-browser)/./node_modules/next/dist/next-devtools/userspace/app/errors/intercept-console-error.js:56
[ 3497776ms] [ERROR] Error: <HTTP 400> @ webpack-internal:///(app-pages-browser)/./node_modules/next/dist/next-devtools/userspace/app/errors/intercept-console-error.js:56
[ 3497776ms] [ERROR] HTTP Status: 400 @ webpack-internal:///(app-pages-browser)/./node_modules/next/dist/next-devtools/userspace/app/errors/intercept-console-error.js:56
[ 3497777ms] [ERROR] Supabase Error: <HTTP 400> @ webpack-internal:///(app-pages-browser)/./node_modules/next/dist/next-devtools/userspace/app/errors/intercept-console-error.js:56
[ 3497777ms] [ERROR] Suggested Root Cause: Check payload structure, RLS policies, or authentication session state. @ webpack-internal:///(app-pages-browser)/./node_modules/next/dist/next-devtools/userspace/app/errors/intercept-console-error.js:56
[ 3557723ms] [ERROR] Failed to load resource: the server responded with a status of 400 () @ https://ixqrijxdedtbxondzytn.supabase.co/rest/v1/tasks?select=id%2Ctitle%2Cfull_title%2Cpriority%2Creminder_time%2Cdue_time%2Cdue_date&user_id=eq.5e1d3715-4f0c-4473-99e6-1a00220be6d9&completed=eq.false&notification_sent=eq.false&or=%28reminder_time.lte.%222026-08-08T15%3A40%3A47.248Z%22%2Cand%28due_date.eq.%222026-08-08%22%2Cdue_time.lte.%2221%3A10%22%29%29:0
[ 3557725ms] [ERROR] Operation: SELECT tasks @ webpack-internal:///(app-pages-browser)/./node_modules/next/dist/next-devtools/userspace/app/errors/intercept-console-error.js:56
[ 3557725ms] [ERROR] Payload: null @ webpack-internal:///(app-pages-browser)/./node_modules/next/dist/next-devtools/userspace/app/errors/intercept-console-error.js:56
[ 3557725ms] [ERROR] Error: <HTTP 400> @ webpack-internal:///(app-pages-browser)/./node_modules/next/dist/next-devtools/userspace/app/errors/intercept-console-error.js:56
[ 3557725ms] [ERROR] HTTP Status: 400 @ webpack-internal:///(app-pages-browser)/./node_modules/next/dist/next-devtools/userspace/app/errors/intercept-console-error.js:56
[ 3557726ms] [ERROR] Supabase Error: <HTTP 400> @ webpack-internal:///(app-pages-browser)/./node_modules/next/dist/next-devtools/userspace/app/errors/intercept-console-error.js:56
[ 3557726ms] [ERROR] Suggested Root Cause: Check payload structure, RLS policies, or authentication session state. @ webpack-internal:///(app-pages-browser)/./node_modules/next/dist/next-devtools/userspace/app/errors/intercept-console-error.js:56
[ 3617837ms] [ERROR] Failed to load resource: the server responded with a status of 400 () @ https://ixqrijxdedtbxondzytn.supabase.co/rest/v1/tasks?select=id%2Ctitle%2Cfull_title%2Cpriority%2Creminder_time%2Cdue_time%2Cdue_date&user_id=eq.5e1d3715-4f0c-4473-99e6-1a00220be6d9&completed=eq.false&notification_sent=eq.false&or=%28reminder_time.lte.%222026-08-08T15%3A41%3A47.235Z%22%2Cand%28due_date.eq.%222026-08-08%22%2Cdue_time.lte.%2221%3A11%22%29%29:0
[ 3617838ms] [ERROR] Operation: SELECT tasks @ webpack-internal:///(app-pages-browser)/./node_modules/next/dist/next-devtools/userspace/app/errors/intercept-console-error.js:56
[ 3617838ms] [ERROR] Payload: null @ webpack-internal:///(app-pages-browser)/./node_modules/next/dist/next-devtools/userspace/app/errors/intercept-console-error.js:56
[ 3617839ms] [ERROR] Error: <HTTP 400> @ webpack-internal:///(app-pages-browser)/./node_modules/next/dist/next-devtools/userspace/app/errors/intercept-console-error.js:56
[ 3617839ms] [ERROR] HTTP Status: 400 @ webpack-internal:///(app-pages-browser)/./node_modules/next/dist/next-devtools/userspace/app/errors/intercept-console-error.js:56
[ 3617839ms] [ERROR] Supabase Error: <HTTP 400> @ webpack-internal:///(app-pages-browser)/./node_modules/next/dist/next-devtools/userspace/app/errors/intercept-console-error.js:56
[ 3617839ms] [ERROR] Suggested Root Cause: Check payload structure, RLS policies, or authentication session state. @ webpack-internal:///(app-pages-browser)/./node_modules/next/dist/next-devtools/userspace/app/errors/intercept-console-error.js:56
[ 3677789ms] [ERROR] Failed to load resource: the server responded with a status of 400 () @ https://ixqrijxdedtbxondzytn.supabase.co/rest/v1/tasks?select=id%2Ctitle%2Cfull_title%2Cpriority%2Creminder_time%2Cdue_time%2Cdue_date&user_id=eq.5e1d3715-4f0c-4473-99e6-1a00220be6d9&completed=eq.false&notification_sent=eq.false&or=%28reminder_time.lte.%222026-08-08T15%3A42%3A47.236Z%22%2Cand%28due_date.eq.%222026-08-08%22%2Cdue_time.lte.%2221%3A12%22%29%29:0
[ 3677790ms] [ERROR] Operation: SELECT tasks @ webpack-internal:///(app-pages-browser)/./node_modules/next/dist/next-devtools/userspace/app/errors/intercept-console-error.js:56
[ 3677790ms] [ERROR] Payload: null @ webpack-internal:///(app-pages-browser)/./node_modules/next/dist/next-devtools/userspace/app/errors/intercept-console-error.js:56
[ 3677791ms] [ERROR] Error: <HTTP 400> @ webpack-internal:///(app-pages-browser)/./node_modules/next/dist/next-devtools/userspace/app/errors/intercept-console-error.js:56
[ 3677791ms] [ERROR] HTTP Status: 400 @ webpack-internal:///(app-pages-browser)/./node_modules/next/dist/next-devtools/userspace/app/errors/intercept-console-error.js:56
[ 3677791ms] [ERROR] Supabase Error: <HTTP 400> @ webpack-internal:///(app-pages-browser)/./node_modules/next/dist/next-devtools/userspace/app/errors/intercept-console-error.js:56
[ 3677791ms] [ERROR] Suggested Root Cause: Check payload structure, RLS policies, or authentication session state. @ webpack-internal:///(app-pages-browser)/./node_modules/next/dist/next-devtools/userspace/app/errors/intercept-console-error.js:56
[ 3738172ms] [ERROR] Failed to load resource: the server responded with a status of 400 () @ https://ixqrijxdedtbxondzytn.supabase.co/rest/v1/tasks?select=id%2Ctitle%2Cfull_title%2Cpriority%2Creminder_time%2Cdue_time%2Cdue_date&user_id=eq.5e1d3715-4f0c-4473-99e6-1a00220be6d9&completed=eq.false&notification_sent=eq.false&or=%28reminder_time.lte.%222026-08-08T15%3A43%3A47.247Z%22%2Cand%28due_date.eq.%222026-08-08%22%2Cdue_time.lte.%2221%3A13%22%29%29:0
[ 3738174ms] [ERROR] Operation: SELECT tasks @ webpack-internal:///(app-pages-browser)/./node_modules/next/dist/next-devtools/userspace/app/errors/intercept-console-error.js:56
[ 3738174ms] [ERROR] Payload: null @ webpack-internal:///(app-pages-browser)/./node_modules/next/dist/next-devtools/userspace/app/errors/intercept-console-error.js:56
[ 3738174ms] [ERROR] Error: <HTTP 400> @ webpack-internal:///(app-pages-browser)/./node_modules/next/dist/next-devtools/userspace/app/errors/intercept-console-error.js:56
[ 3738175ms] [ERROR] HTTP Status: 400 @ webpack-internal:///(app-pages-browser)/./node_modules/next/dist/next-devtools/userspace/app/errors/intercept-console-error.js:56
[ 3738175ms] [ERROR] Supabase Error: <HTTP 400> @ webpack-internal:///(app-pages-browser)/./node_modules/next/dist/next-devtools/userspace/app/errors/intercept-console-error.js:56
[ 3738175ms] [ERROR] Suggested Root Cause: Check payload structure, RLS policies, or authentication session state. @ webpack-internal:///(app-pages-browser)/./node_modules/next/dist/next-devtools/userspace/app/errors/intercept-console-error.js:56
[ 3797811ms] [ERROR] Failed to load resource: the server responded with a status of 400 () @ https://ixqrijxdedtbxondzytn.supabase.co/rest/v1/tasks?select=id%2Ctitle%2Cfull_title%2Cpriority%2Creminder_time%2Cdue_time%2Cdue_date&user_id=eq.5e1d3715-4f0c-4473-99e6-1a00220be6d9&completed=eq.false&notification_sent=eq.false&or=%28reminder_time.lte.%222026-08-08T15%3A44%3A47.242Z%22%2Cand%28due_date.eq.%222026-08-08%22%2Cdue_time.lte.%2221%3A14%22%29%29:0
[ 3797813ms] [ERROR] Operation: SELECT tasks @ webpack-internal:///(app-pages-browser)/./node_modules/next/dist/next-devtools/userspace/app/errors/intercept-console-error.js:56
[ 3797813ms] [ERROR] Payload: null @ webpack-internal:///(app-pages-browser)/./node_modules/next/dist/next-devtools/userspace/app/errors/intercept-console-error.js:56
[ 3797814ms] [ERROR] Error: <HTTP 400> @ webpack-internal:///(app-pages-browser)/./node_modules/next/dist/next-devtools/userspace/app/errors/intercept-console-error.js:56
[ 3797814ms] [ERROR] HTTP Status: 400 @ webpack-internal:///(app-pages-browser)/./node_modules/next/dist/next-devtools/userspace/app/errors/intercept-console-error.js:56
[ 3797814ms] [ERROR] Supabase Error: <HTTP 400> @ webpack-internal:///(app-pages-browser)/./node_modules/next/dist/next-devtools/userspace/app/errors/intercept-console-error.js:56
[ 3797815ms] [ERROR] Suggested Root Cause: Check payload structure, RLS policies, or authentication session state. @ webpack-internal:///(app-pages-browser)/./node_modules/next/dist/next-devtools/userspace/app/errors/intercept-console-error.js:56
[ 3857759ms] [ERROR] Failed to load resource: the server responded with a status of 400 () @ https://ixqrijxdedtbxondzytn.supabase.co/rest/v1/tasks?select=id%2Ctitle%2Cfull_title%2Cpriority%2Creminder_time%2Cdue_time%2Cdue_date&user_id=eq.5e1d3715-4f0c-4473-99e6-1a00220be6d9&completed=eq.false&notification_sent=eq.false&or=%28reminder_time.lte.%222026-08-08T15%3A45%3A47.247Z%22%2Cand%28due_date.eq.%222026-08-08%22%2Cdue_time.lte.%2221%3A15%22%29%29:0
[ 3857761ms] [ERROR] Operation: SELECT tasks @ webpack-internal:///(app-pages-browser)/./node_modules/next/dist/next-devtools/userspace/app/errors/intercept-console-error.js:56
[ 3857761ms] [ERROR] Payload: null @ webpack-internal:///(app-pages-browser)/./node_modules/next/dist/next-devtools/userspace/app/errors/intercept-console-error.js:56
[ 3857762ms] [ERROR] Error: <HTTP 400> @ webpack-internal:///(app-pages-browser)/./node_modules/next/dist/next-devtools/userspace/app/errors/intercept-console-error.js:56
[ 3857762ms] [ERROR] HTTP Status: 400 @ webpack-internal:///(app-pages-browser)/./node_modules/next/dist/next-devtools/userspace/app/errors/intercept-console-error.js:56
[ 3857762ms] [ERROR] Supabase Error: <HTTP 400> @ webpack-internal:///(app-pages-browser)/./node_modules/next/dist/next-devtools/userspace/app/errors/intercept-console-error.js:56
[ 3857763ms] [ERROR] Suggested Root Cause: Check payload structure, RLS policies, or authentication session state. @ webpack-internal:///(app-pages-browser)/./node_modules/next/dist/next-devtools/userspace/app/errors/intercept-console-error.js:56
[ 3917822ms] [ERROR] Failed to load resource: the server responded with a status of 400 () @ https://ixqrijxdedtbxondzytn.supabase.co/rest/v1/tasks?select=id%2Ctitle%2Cfull_title%2Cpriority%2Creminder_time%2Cdue_time%2Cdue_date&user_id=eq.5e1d3715-4f0c-4473-99e6-1a00220be6d9&completed=eq.false&notification_sent=eq.false&or=%28reminder_time.lte.%222026-08-08T15%3A46%3A47.237Z%22%2Cand%28due_date.eq.%222026-08-08%22%2Cdue_time.lte.%2221%3A16%22%29%29:0
[ 3917824ms] [ERROR] Operation: SELECT tasks @ webpack-internal:///(app-pages-browser)/./node_modules/next/dist/next-devtools/userspace/app/errors/intercept-console-error.js:56
[ 3917824ms] [ERROR] Payload: null @ webpack-internal:///(app-pages-browser)/./node_modules/next/dist/next-devtools/userspace/app/errors/intercept-console-error.js:56
[ 3917824ms] [ERROR] Error: <HTTP 400> @ webpack-internal:///(app-pages-browser)/./node_modules/next/dist/next-devtools/userspace/app/errors/intercept-console-error.js:56
[ 3917825ms] [ERROR] HTTP Status: 400 @ webpack-internal:///(app-pages-browser)/./node_modules/next/dist/next-devtools/userspace/app/errors/intercept-console-error.js:56
[ 3917825ms] [ERROR] Supabase Error: <HTTP 400> @ webpack-internal:///(app-pages-browser)/./node_modules/next/dist/next-devtools/userspace/app/errors/intercept-console-error.js:56
[ 3917826ms] [ERROR] Suggested Root Cause: Check payload structure, RLS policies, or authentication session state. @ webpack-internal:///(app-pages-browser)/./node_modules/next/dist/next-devtools/userspace/app/errors/intercept-console-error.js:56
[ 3977875ms] [ERROR] Failed to load resource: the server responded with a status of 400 () @ https://ixqrijxdedtbxondzytn.supabase.co/rest/v1/tasks?select=id%2Ctitle%2Cfull_title%2Cpriority%2Creminder_time%2Cdue_time%2Cdue_date&user_id=eq.5e1d3715-4f0c-4473-99e6-1a00220be6d9&completed=eq.false&notification_sent=eq.false&or=%28reminder_time.lte.%222026-08-08T15%3A47%3A47.234Z%22%2Cand%28due_date.eq.%222026-08-08%22%2Cdue_time.lte.%2221%3A17%22%29%29:0
[ 3977876ms] [ERROR] Operation: SELECT tasks @ webpack-internal:///(app-pages-browser)/./node_modules/next/dist/next-devtools/userspace/app/errors/intercept-console-error.js:56
[ 3977876ms] [ERROR] Payload: null @ webpack-internal:///(app-pages-browser)/./node_modules/next/dist/next-devtools/userspace/app/errors/intercept-console-error.js:56
[ 3977877ms] [ERROR] Error: <HTTP 400> @ webpack-internal:///(app-pages-browser)/./node_modules/next/dist/next-devtools/userspace/app/errors/intercept-console-error.js:56
[ 3977877ms] [ERROR] HTTP Status: 400 @ webpack-internal:///(app-pages-browser)/./node_modules/next/dist/next-devtools/userspace/app/errors/intercept-console-error.js:56
[ 3977877ms] [ERROR] Supabase Error: <HTTP 400> @ webpack-internal:///(app-pages-browser)/./node_modules/next/dist/next-devtools/userspace/app/errors/intercept-console-error.js:56
[ 3977878ms] [ERROR] Suggested Root Cause: Check payload structure, RLS policies, or authentication session state. @ webpack-internal:///(app-pages-browser)/./node_modules/next/dist/next-devtools/userspace/app/errors/intercept-console-error.js:56
[ 4038131ms] [ERROR] Failed to load resource: the server responded with a status of 400 () @ https://ixqrijxdedtbxondzytn.supabase.co/rest/v1/tasks?select=id%2Ctitle%2Cfull_title%2Cpriority%2Creminder_time%2Cdue_time%2Cdue_date&user_id=eq.5e1d3715-4f0c-4473-99e6-1a00220be6d9&completed=eq.false&notification_sent=eq.false&or=%28reminder_time.lte.%222026-08-08T15%3A48%3A47.240Z%22%2Cand%28due_date.eq.%222026-08-08%22%2Cdue_time.lte.%2221%3A18%22%29%29:0
[ 4038133ms] [ERROR] Operation: SELECT tasks @ webpack-internal:///(app-pages-browser)/./node_modules/next/dist/next-devtools/userspace/app/errors/intercept-console-error.js:56
[ 4038133ms] [ERROR] Payload: null @ webpack-internal:///(app-pages-browser)/./node_modules/next/dist/next-devtools/userspace/app/errors/intercept-console-error.js:56
[ 4038134ms] [ERROR] Error: <HTTP 400> @ webpack-internal:///(app-pages-browser)/./node_modules/next/dist/next-devtools/userspace/app/errors/intercept-console-error.js:56
[ 4038134ms] [ERROR] HTTP Status: 400 @ webpack-internal:///(app-pages-browser)/./node_modules/next/dist/next-devtools/userspace/app/errors/intercept-console-error.js:56
[ 4038134ms] [ERROR] Supabase Error: <HTTP 400> @ webpack-internal:///(app-pages-browser)/./node_modules/next/dist/next-devtools/userspace/app/errors/intercept-console-error.js:56
[ 4038135ms] [ERROR] Suggested Root Cause: Check payload structure, RLS policies, or authentication session state. @ webpack-internal:///(app-pages-browser)/./node_modules/next/dist/next-devtools/userspace/app/errors/intercept-console-error.js:56
[ 4097781ms] [ERROR] Failed to load resource: the server responded with a status of 400 () @ https://ixqrijxdedtbxondzytn.supabase.co/rest/v1/tasks?select=id%2Ctitle%2Cfull_title%2Cpriority%2Creminder_time%2Cdue_time%2Cdue_date&user_id=eq.5e1d3715-4f0c-4473-99e6-1a00220be6d9&completed=eq.false&notification_sent=eq.false&or=%28reminder_time.lte.%222026-08-08T15%3A49%3A47.237Z%22%2Cand%28due_date.eq.%222026-08-08%22%2Cdue_time.lte.%2221%3A19%22%29%29:0
[ 4097783ms] [ERROR] Operation: SELECT tasks @ webpack-internal:///(app-pages-browser)/./node_modules/next/dist/next-devtools/userspace/app/errors/intercept-console-error.js:56
[ 4097783ms] [ERROR] Payload: null @ webpack-internal:///(app-pages-browser)/./node_modules/next/dist/next-devtools/userspace/app/errors/intercept-console-error.js:56
[ 4097783ms] [ERROR] Error: <HTTP 400> @ webpack-internal:///(app-pages-browser)/./node_modules/next/dist/next-devtools/userspace/app/errors/intercept-console-error.js:56
[ 4097784ms] [ERROR] HTTP Status: 400 @ webpack-internal:///(app-pages-browser)/./node_modules/next/dist/next-devtools/userspace/app/errors/intercept-console-error.js:56
[ 4097784ms] [ERROR] Supabase Error: <HTTP 400> @ webpack-internal:///(app-pages-browser)/./node_modules/next/dist/next-devtools/userspace/app/errors/intercept-console-error.js:56
[ 4097785ms] [ERROR] Suggested Root Cause: Check payload structure, RLS policies, or authentication session state. @ webpack-internal:///(app-pages-browser)/./node_modules/next/dist/next-devtools/userspace/app/errors/intercept-console-error.js:56
[ 4157781ms] [ERROR] Failed to load resource: the server responded with a status of 400 () @ https://ixqrijxdedtbxondzytn.supabase.co/rest/v1/tasks?select=id%2Ctitle%2Cfull_title%2Cpriority%2Creminder_time%2Cdue_time%2Cdue_date&user_id=eq.5e1d3715-4f0c-4473-99e6-1a00220be6d9&completed=eq.false&notification_sent=eq.false&or=%28reminder_time.lte.%222026-08-08T15%3A50%3A47.236Z%22%2Cand%28due_date.eq.%222026-08-08%22%2Cdue_time.lte.%2221%3A20%22%29%29:0
[ 4157783ms] [ERROR] Operation: SELECT tasks @ webpack-internal:///(app-pages-browser)/./node_modules/next/dist/next-devtools/userspace/app/errors/intercept-console-error.js:56
[ 4157783ms] [ERROR] Payload: null @ webpack-internal:///(app-pages-browser)/./node_modules/next/dist/next-devtools/userspace/app/errors/intercept-console-error.js:56
[ 4157783ms] [ERROR] Error: <HTTP 400> @ webpack-internal:///(app-pages-browser)/./node_modules/next/dist/next-devtools/userspace/app/errors/intercept-console-error.js:56
[ 4157783ms] [ERROR] HTTP Status: 400 @ webpack-internal:///(app-pages-browser)/./node_modules/next/dist/next-devtools/userspace/app/errors/intercept-console-error.js:56
[ 4157786ms] [ERROR] Supabase Error: <HTTP 400> @ webpack-internal:///(app-pages-browser)/./node_modules/next/dist/next-devtools/userspace/app/errors/intercept-console-error.js:56
[ 4157786ms] [ERROR] Suggested Root Cause: Check payload structure, RLS policies, or authentication session state. @ webpack-internal:///(app-pages-browser)/./node_modules/next/dist/next-devtools/userspace/app/errors/intercept-console-error.js:56
[ 4218384ms] [ERROR] Failed to load resource: the server responded with a status of 400 () @ https://ixqrijxdedtbxondzytn.supabase.co/rest/v1/tasks?select=id%2Ctitle%2Cfull_title%2Cpriority%2Creminder_time%2Cdue_time%2Cdue_date&user_id=eq.5e1d3715-4f0c-4473-99e6-1a00220be6d9&completed=eq.false&notification_sent=eq.false&or=%28reminder_time.lte.%222026-08-08T15%3A51%3A47.245Z%22%2Cand%28due_date.eq.%222026-08-08%22%2Cdue_time.lte.%2221%3A21%22%29%29:0
[ 4218385ms] [ERROR] Operation: SELECT tasks @ webpack-internal:///(app-pages-browser)/./node_modules/next/dist/next-devtools/userspace/app/errors/intercept-console-error.js:56
[ 4218385ms] [ERROR] Payload: null @ webpack-internal:///(app-pages-browser)/./node_modules/next/dist/next-devtools/userspace/app/errors/intercept-console-error.js:56
[ 4218386ms] [ERROR] Error: <HTTP 400> @ webpack-internal:///(app-pages-browser)/./node_modules/next/dist/next-devtools/userspace/app/errors/intercept-console-error.js:56
[ 4218386ms] [ERROR] HTTP Status: 400 @ webpack-internal:///(app-pages-browser)/./node_modules/next/dist/next-devtools/userspace/app/errors/intercept-console-error.js:56
[ 4218386ms] [ERROR] Supabase Error: <HTTP 400> @ webpack-internal:///(app-pages-browser)/./node_modules/next/dist/next-devtools/userspace/app/errors/intercept-console-error.js:56
[ 4218386ms] [ERROR] Suggested Root Cause: Check payload structure, RLS policies, or authentication session state. @ webpack-internal:///(app-pages-browser)/./node_modules/next/dist/next-devtools/userspace/app/errors/intercept-console-error.js:56
[ 4277856ms] [ERROR] Failed to load resource: the server responded with a status of 400 () @ https://ixqrijxdedtbxondzytn.supabase.co/rest/v1/tasks?select=id%2Ctitle%2Cfull_title%2Cpriority%2Creminder_time%2Cdue_time%2Cdue_date&user_id=eq.5e1d3715-4f0c-4473-99e6-1a00220be6d9&completed=eq.false&notification_sent=eq.false&or=%28reminder_time.lte.%222026-08-08T15%3A52%3A47.236Z%22%2Cand%28due_date.eq.%222026-08-08%22%2Cdue_time.lte.%2221%3A22%22%29%29:0
[ 4277858ms] [ERROR] Operation: SELECT tasks @ webpack-internal:///(app-pages-browser)/./node_modules/next/dist/next-devtools/userspace/app/errors/intercept-console-error.js:56
[ 4277858ms] [ERROR] Payload: null @ webpack-internal:///(app-pages-browser)/./node_modules/next/dist/next-devtools/userspace/app/errors/intercept-console-error.js:56
[ 4277858ms] [ERROR] Error: <HTTP 400> @ webpack-internal:///(app-pages-browser)/./node_modules/next/dist/next-devtools/userspace/app/errors/intercept-console-error.js:56
[ 4277859ms] [ERROR] HTTP Status: 400 @ webpack-internal:///(app-pages-browser)/./node_modules/next/dist/next-devtools/userspace/app/errors/intercept-console-error.js:56
[ 4277859ms] [ERROR] Supabase Error: <HTTP 400> @ webpack-internal:///(app-pages-browser)/./node_modules/next/dist/next-devtools/userspace/app/errors/intercept-console-error.js:56
[ 4277859ms] [ERROR] Suggested Root Cause: Check payload structure, RLS policies, or authentication session state. @ webpack-internal:///(app-pages-browser)/./node_modules/next/dist/next-devtools/userspace/app/errors/intercept-console-error.js:56
[ 4337783ms] [ERROR] Failed to load resource: the server responded with a status of 400 () @ https://ixqrijxdedtbxondzytn.supabase.co/rest/v1/tasks?select=id%2Ctitle%2Cfull_title%2Cpriority%2Creminder_time%2Cdue_time%2Cdue_date&user_id=eq.5e1d3715-4f0c-4473-99e6-1a00220be6d9&completed=eq.false&notification_sent=eq.false&or=%28reminder_time.lte.%222026-08-08T15%3A53%3A47.241Z%22%2Cand%28due_date.eq.%222026-08-08%22%2Cdue_time.lte.%2221%3A23%22%29%29:0
[ 4337784ms] [ERROR] Operation: SELECT tasks @ webpack-internal:///(app-pages-browser)/./node_modules/next/dist/next-devtools/userspace/app/errors/intercept-console-error.js:56
[ 4337785ms] [ERROR] Payload: null @ webpack-internal:///(app-pages-browser)/./node_modules/next/dist/next-devtools/userspace/app/errors/intercept-console-error.js:56
[ 4337785ms] [ERROR] Error: <HTTP 400> @ webpack-internal:///(app-pages-browser)/./node_modules/next/dist/next-devtools/userspace/app/errors/intercept-console-error.js:56
[ 4337785ms] [ERROR] HTTP Status: 400 @ webpack-internal:///(app-pages-browser)/./node_modules/next/dist/next-devtools/userspace/app/errors/intercept-console-error.js:56
[ 4337786ms] [ERROR] Supabase Error: <HTTP 400> @ webpack-internal:///(app-pages-browser)/./node_modules/next/dist/next-devtools/userspace/app/errors/intercept-console-error.js:56
[ 4337786ms] [ERROR] Suggested Root Cause: Check payload structure, RLS policies, or authentication session state. @ webpack-internal:///(app-pages-browser)/./node_modules/next/dist/next-devtools/userspace/app/errors/intercept-console-error.js:56
[ 4398087ms] [ERROR] Failed to load resource: the server responded with a status of 400 () @ https://ixqrijxdedtbxondzytn.supabase.co/rest/v1/tasks?select=id%2Ctitle%2Cfull_title%2Cpriority%2Creminder_time%2Cdue_time%2Cdue_date&user_id=eq.5e1d3715-4f0c-4473-99e6-1a00220be6d9&completed=eq.false&notification_sent=eq.false&or=%28reminder_time.lte.%222026-08-08T15%3A54%3A47.238Z%22%2Cand%28due_date.eq.%222026-08-08%22%2Cdue_time.lte.%2221%3A24%22%29%29:0
[ 4398089ms] [ERROR] Operation: SELECT tasks @ webpack-internal:///(app-pages-browser)/./node_modules/next/dist/next-devtools/userspace/app/errors/intercept-console-error.js:56
[ 4398089ms] [ERROR] Payload: null @ webpack-internal:///(app-pages-browser)/./node_modules/next/dist/next-devtools/userspace/app/errors/intercept-console-error.js:56
[ 4398089ms] [ERROR] Error: <HTTP 400> @ webpack-internal:///(app-pages-browser)/./node_modules/next/dist/next-devtools/userspace/app/errors/intercept-console-error.js:56
[ 4398090ms] [ERROR] HTTP Status: 400 @ webpack-internal:///(app-pages-browser)/./node_modules/next/dist/next-devtools/userspace/app/errors/intercept-console-error.js:56
[ 4398090ms] [ERROR] Supabase Error: <HTTP 400> @ webpack-internal:///(app-pages-browser)/./node_modules/next/dist/next-devtools/userspace/app/errors/intercept-console-error.js:56
[ 4398091ms] [ERROR] Suggested Root Cause: Check payload structure, RLS policies, or authentication session state. @ webpack-internal:///(app-pages-browser)/./node_modules/next/dist/next-devtools/userspace/app/errors/intercept-console-error.js:56
[ 4458264ms] [ERROR] Failed to load resource: the server responded with a status of 400 () @ https://ixqrijxdedtbxondzytn.supabase.co/rest/v1/tasks?select=id%2Ctitle%2Cfull_title%2Cpriority%2Creminder_time%2Cdue_time%2Cdue_date&user_id=eq.5e1d3715-4f0c-4473-99e6-1a00220be6d9&completed=eq.false&notification_sent=eq.false&or=%28reminder_time.lte.%222026-08-08T15%3A55%3A47.236Z%22%2Cand%28due_date.eq.%222026-08-08%22%2Cdue_time.lte.%2221%3A25%22%29%29:0
[ 4458265ms] [ERROR] Operation: SELECT tasks @ webpack-internal:///(app-pages-browser)/./node_modules/next/dist/next-devtools/userspace/app/errors/intercept-console-error.js:56
[ 4458266ms] [ERROR] Payload: null @ webpack-internal:///(app-pages-browser)/./node_modules/next/dist/next-devtools/userspace/app/errors/intercept-console-error.js:56
[ 4458266ms] [ERROR] Error: <HTTP 400> @ webpack-internal:///(app-pages-browser)/./node_modules/next/dist/next-devtools/userspace/app/errors/intercept-console-error.js:56
[ 4458266ms] [ERROR] HTTP Status: 400 @ webpack-internal:///(app-pages-browser)/./node_modules/next/dist/next-devtools/userspace/app/errors/intercept-console-error.js:56
[ 4458267ms] [ERROR] Supabase Error: <HTTP 400> @ webpack-internal:///(app-pages-browser)/./node_modules/next/dist/next-devtools/userspace/app/errors/intercept-console-error.js:56
[ 4458267ms] [ERROR] Suggested Root Cause: Check payload structure, RLS policies, or authentication session state. @ webpack-internal:///(app-pages-browser)/./node_modules/next/dist/next-devtools/userspace/app/errors/intercept-console-error.js:56
[ 4517784ms] [ERROR] Failed to load resource: the server responded with a status of 400 () @ https://ixqrijxdedtbxondzytn.supabase.co/rest/v1/tasks?select=id%2Ctitle%2Cfull_title%2Cpriority%2Creminder_time%2Cdue_time%2Cdue_date&user_id=eq.5e1d3715-4f0c-4473-99e6-1a00220be6d9&completed=eq.false&notification_sent=eq.false&or=%28reminder_time.lte.%222026-08-08T15%3A56%3A47.246Z%22%2Cand%28due_date.eq.%222026-08-08%22%2Cdue_time.lte.%2221%3A26%22%29%29:0
[ 4517785ms] [ERROR] Operation: SELECT tasks @ webpack-internal:///(app-pages-browser)/./node_modules/next/dist/next-devtools/userspace/app/errors/intercept-console-error.js:56
[ 4517786ms] [ERROR] Payload: null @ webpack-internal:///(app-pages-browser)/./node_modules/next/dist/next-devtools/userspace/app/errors/intercept-console-error.js:56
[ 4517786ms] [ERROR] Error: <HTTP 400> @ webpack-internal:///(app-pages-browser)/./node_modules/next/dist/next-devtools/userspace/app/errors/intercept-console-error.js:56
[ 4517786ms] [ERROR] HTTP Status: 400 @ webpack-internal:///(app-pages-browser)/./node_modules/next/dist/next-devtools/userspace/app/errors/intercept-console-error.js:56
[ 4517786ms] [ERROR] Supabase Error: <HTTP 400> @ webpack-internal:///(app-pages-browser)/./node_modules/next/dist/next-devtools/userspace/app/errors/intercept-console-error.js:56
[ 4517786ms] [ERROR] Suggested Root Cause: Check payload structure, RLS policies, or authentication session state. @ webpack-internal:///(app-pages-browser)/./node_modules/next/dist/next-devtools/userspace/app/errors/intercept-console-error.js:56
[ 4577782ms] [ERROR] Failed to load resource: the server responded with a status of 400 () @ https://ixqrijxdedtbxondzytn.supabase.co/rest/v1/tasks?select=id%2Ctitle%2Cfull_title%2Cpriority%2Creminder_time%2Cdue_time%2Cdue_date&user_id=eq.5e1d3715-4f0c-4473-99e6-1a00220be6d9&completed=eq.false&notification_sent=eq.false&or=%28reminder_time.lte.%222026-08-08T15%3A57%3A47.246Z%22%2Cand%28due_date.eq.%222026-08-08%22%2Cdue_time.lte.%2221%3A27%22%29%29:0
[ 4577783ms] [ERROR] Operation: SELECT tasks @ webpack-internal:///(app-pages-browser)/./node_modules/next/dist/next-devtools/userspace/app/errors/intercept-console-error.js:56
[ 4577783ms] [ERROR] Payload: null @ webpack-internal:///(app-pages-browser)/./node_modules/next/dist/next-devtools/userspace/app/errors/intercept-console-error.js:56
[ 4577787ms] [ERROR] Error: <HTTP 400> @ webpack-internal:///(app-pages-browser)/./node_modules/next/dist/next-devtools/userspace/app/errors/intercept-console-error.js:56
[ 4577788ms] [ERROR] HTTP Status: 400 @ webpack-internal:///(app-pages-browser)/./node_modules/next/dist/next-devtools/userspace/app/errors/intercept-console-error.js:56
[ 4577788ms] [ERROR] Supabase Error: <HTTP 400> @ webpack-internal:///(app-pages-browser)/./node_modules/next/dist/next-devtools/userspace/app/errors/intercept-console-error.js:56
[ 4577789ms] [ERROR] Suggested Root Cause: Check payload structure, RLS policies, or authentication session state. @ webpack-internal:///(app-pages-browser)/./node_modules/next/dist/next-devtools/userspace/app/errors/intercept-console-error.js:56
[ 4637759ms] [ERROR] Failed to load resource: the server responded with a status of 400 () @ https://ixqrijxdedtbxondzytn.supabase.co/rest/v1/tasks?select=id%2Ctitle%2Cfull_title%2Cpriority%2Creminder_time%2Cdue_time%2Cdue_date&user_id=eq.5e1d3715-4f0c-4473-99e6-1a00220be6d9&completed=eq.false&notification_sent=eq.false&or=%28reminder_time.lte.%222026-08-08T15%3A58%3A47.233Z%22%2Cand%28due_date.eq.%222026-08-08%22%2Cdue_time.lte.%2221%3A28%22%29%29:0
[ 4637761ms] [ERROR] Operation: SELECT tasks @ webpack-internal:///(app-pages-browser)/./node_modules/next/dist/next-devtools/userspace/app/errors/intercept-console-error.js:56
[ 4637762ms] [ERROR] Payload: null @ webpack-internal:///(app-pages-browser)/./node_modules/next/dist/next-devtools/userspace/app/errors/intercept-console-error.js:56
[ 4637762ms] [ERROR] Error: <HTTP 400> @ webpack-internal:///(app-pages-browser)/./node_modules/next/dist/next-devtools/userspace/app/errors/intercept-console-error.js:56
[ 4637762ms] [ERROR] HTTP Status: 400 @ webpack-internal:///(app-pages-browser)/./node_modules/next/dist/next-devtools/userspace/app/errors/intercept-console-error.js:56
[ 4637763ms] [ERROR] Supabase Error: <HTTP 400> @ webpack-internal:///(app-pages-browser)/./node_modules/next/dist/next-devtools/userspace/app/errors/intercept-console-error.js:56
[ 4637764ms] [ERROR] Suggested Root Cause: Check payload structure, RLS policies, or authentication session state. @ webpack-internal:///(app-pages-browser)/./node_modules/next/dist/next-devtools/userspace/app/errors/intercept-console-error.js:56
[ 4697723ms] [ERROR] Failed to load resource: the server responded with a status of 400 () @ https://ixqrijxdedtbxondzytn.supabase.co/rest/v1/tasks?select=id%2Ctitle%2Cfull_title%2Cpriority%2Creminder_time%2Cdue_time%2Cdue_date&user_id=eq.5e1d3715-4f0c-4473-99e6-1a00220be6d9&completed=eq.false&notification_sent=eq.false&or=%28reminder_time.lte.%222026-08-08T15%3A59%3A47.237Z%22%2Cand%28due_date.eq.%222026-08-08%22%2Cdue_time.lte.%2221%3A29%22%29%29:0
[ 4697725ms] [ERROR] Operation: SELECT tasks @ webpack-internal:///(app-pages-browser)/./node_modules/next/dist/next-devtools/userspace/app/errors/intercept-console-error.js:56
[ 4697725ms] [ERROR] Payload: null @ webpack-internal:///(app-pages-browser)/./node_modules/next/dist/next-devtools/userspace/app/errors/intercept-console-error.js:56
[ 4697725ms] [ERROR] Error: <HTTP 400> @ webpack-internal:///(app-pages-browser)/./node_modules/next/dist/next-devtools/userspace/app/errors/intercept-console-error.js:56
[ 4697726ms] [ERROR] HTTP Status: 400 @ webpack-internal:///(app-pages-browser)/./node_modules/next/dist/next-devtools/userspace/app/errors/intercept-console-error.js:56
[ 4697726ms] [ERROR] Supabase Error: <HTTP 400> @ webpack-internal:///(app-pages-browser)/./node_modules/next/dist/next-devtools/userspace/app/errors/intercept-console-error.js:56
[ 4697726ms] [ERROR] Suggested Root Cause: Check payload structure, RLS policies, or authentication session state. @ webpack-internal:///(app-pages-browser)/./node_modules/next/dist/next-devtools/userspace/app/errors/intercept-console-error.js:56
[ 4757743ms] [ERROR] Failed to load resource: the server responded with a status of 400 () @ https://ixqrijxdedtbxondzytn.supabase.co/rest/v1/tasks?select=id%2Ctitle%2Cfull_title%2Cpriority%2Creminder_time%2Cdue_time%2Cdue_date&user_id=eq.5e1d3715-4f0c-4473-99e6-1a00220be6d9&completed=eq.false&notification_sent=eq.false&or=%28reminder_time.lte.%222026-08-08T16%3A00%3A47.248Z%22%2Cand%28due_date.eq.%222026-08-08%22%2Cdue_time.lte.%2221%3A30%22%29%29:0
[ 4757744ms] [ERROR] Operation: SELECT tasks @ webpack-internal:///(app-pages-browser)/./node_modules/next/dist/next-devtools/userspace/app/errors/intercept-console-error.js:56
[ 4757744ms] [ERROR] Payload: null @ webpack-internal:///(app-pages-browser)/./node_modules/next/dist/next-devtools/userspace/app/errors/intercept-console-error.js:56
[ 4757745ms] [ERROR] Error: <HTTP 400> @ webpack-internal:///(app-pages-browser)/./node_modules/next/dist/next-devtools/userspace/app/errors/intercept-console-error.js:56
[ 4757745ms] [ERROR] HTTP Status: 400 @ webpack-internal:///(app-pages-browser)/./node_modules/next/dist/next-devtools/userspace/app/errors/intercept-console-error.js:56
[ 4757746ms] [ERROR] Supabase Error: <HTTP 400> @ webpack-internal:///(app-pages-browser)/./node_modules/next/dist/next-devtools/userspace/app/errors/intercept-console-error.js:56
[ 4757746ms] [ERROR] Suggested Root Cause: Check payload structure, RLS policies, or authentication session state. @ webpack-internal:///(app-pages-browser)/./node_modules/next/dist/next-devtools/userspace/app/errors/intercept-console-error.js:56
[ 4817771ms] [ERROR] Failed to load resource: the server responded with a status of 400 () @ https://ixqrijxdedtbxondzytn.supabase.co/rest/v1/tasks?select=id%2Ctitle%2Cfull_title%2Cpriority%2Creminder_time%2Cdue_time%2Cdue_date&user_id=eq.5e1d3715-4f0c-4473-99e6-1a00220be6d9&completed=eq.false&notification_sent=eq.false&or=%28reminder_time.lte.%222026-08-08T16%3A01%3A47.246Z%22%2Cand%28due_date.eq.%222026-08-08%22%2Cdue_time.lte.%2221%3A31%22%29%29:0
[ 4817772ms] [ERROR] Operation: SELECT tasks @ webpack-internal:///(app-pages-browser)/./node_modules/next/dist/next-devtools/userspace/app/errors/intercept-console-error.js:56
[ 4817772ms] [ERROR] Payload: null @ webpack-internal:///(app-pages-browser)/./node_modules/next/dist/next-devtools/userspace/app/errors/intercept-console-error.js:56
[ 4817772ms] [ERROR] Error: <HTTP 400> @ webpack-internal:///(app-pages-browser)/./node_modules/next/dist/next-devtools/userspace/app/errors/intercept-console-error.js:56
[ 4817772ms] [ERROR] HTTP Status: 400 @ webpack-internal:///(app-pages-browser)/./node_modules/next/dist/next-devtools/userspace/app/errors/intercept-console-error.js:56
[ 4817772ms] [ERROR] Supabase Error: <HTTP 400> @ webpack-internal:///(app-pages-browser)/./node_modules/next/dist/next-devtools/userspace/app/errors/intercept-console-error.js:56
[ 4817772ms] [ERROR] Suggested Root Cause: Check payload structure, RLS policies, or authentication session state. @ webpack-internal:///(app-pages-browser)/./node_modules/next/dist/next-devtools/userspace/app/errors/intercept-console-error.js:56
[ 4878125ms] [ERROR] Failed to load resource: the server responded with a status of 400 () @ https://ixqrijxdedtbxondzytn.supabase.co/rest/v1/tasks?select=id%2Ctitle%2Cfull_title%2Cpriority%2Creminder_time%2Cdue_time%2Cdue_date&user_id=eq.5e1d3715-4f0c-4473-99e6-1a00220be6d9&completed=eq.false&notification_sent=eq.false&or=%28reminder_time.lte.%222026-08-08T16%3A02%3A47.242Z%22%2Cand%28due_date.eq.%222026-08-08%22%2Cdue_time.lte.%2221%3A32%22%29%29:0
[ 4878126ms] [ERROR] Operation: SELECT tasks @ webpack-internal:///(app-pages-browser)/./node_modules/next/dist/next-devtools/userspace/app/errors/intercept-console-error.js:56
[ 4878126ms] [ERROR] Payload: null @ webpack-internal:///(app-pages-browser)/./node_modules/next/dist/next-devtools/userspace/app/errors/intercept-console-error.js:56
[ 4878126ms] [ERROR] Error: <HTTP 400> @ webpack-internal:///(app-pages-browser)/./node_modules/next/dist/next-devtools/userspace/app/errors/intercept-console-error.js:56
[ 4878126ms] [ERROR] HTTP Status: 400 @ webpack-internal:///(app-pages-browser)/./node_modules/next/dist/next-devtools/userspace/app/errors/intercept-console-error.js:56
[ 4878126ms] [ERROR] Supabase Error: <HTTP 400> @ webpack-internal:///(app-pages-browser)/./node_modules/next/dist/next-devtools/userspace/app/errors/intercept-console-error.js:56
[ 4878127ms] [ERROR] Suggested Root Cause: Check payload structure, RLS policies, or authentication session state. @ webpack-internal:///(app-pages-browser)/./node_modules/next/dist/next-devtools/userspace/app/errors/intercept-console-error.js:56
[ 4937774ms] [ERROR] Failed to load resource: the server responded with a status of 400 () @ https://ixqrijxdedtbxondzytn.supabase.co/rest/v1/tasks?select=id%2Ctitle%2Cfull_title%2Cpriority%2Creminder_time%2Cdue_time%2Cdue_date&user_id=eq.5e1d3715-4f0c-4473-99e6-1a00220be6d9&completed=eq.false&notification_sent=eq.false&or=%28reminder_time.lte.%222026-08-08T16%3A03%3A47.246Z%22%2Cand%28due_date.eq.%222026-08-08%22%2Cdue_time.lte.%2221%3A33%22%29%29:0
[ 4937775ms] [ERROR] Operation: SELECT tasks @ webpack-internal:///(app-pages-browser)/./node_modules/next/dist/next-devtools/userspace/app/errors/intercept-console-error.js:56
[ 4937775ms] [ERROR] Payload: null @ webpack-internal:///(app-pages-browser)/./node_modules/next/dist/next-devtools/userspace/app/errors/intercept-console-error.js:56
[ 4937776ms] [ERROR] Error: <HTTP 400> @ webpack-internal:///(app-pages-browser)/./node_modules/next/dist/next-devtools/userspace/app/errors/intercept-console-error.js:56
[ 4937776ms] [ERROR] HTTP Status: 400 @ webpack-internal:///(app-pages-browser)/./node_modules/next/dist/next-devtools/userspace/app/errors/intercept-console-error.js:56
[ 4937776ms] [ERROR] Supabase Error: <HTTP 400> @ webpack-internal:///(app-pages-browser)/./node_modules/next/dist/next-devtools/userspace/app/errors/intercept-console-error.js:56
[ 4937776ms] [ERROR] Suggested Root Cause: Check payload structure, RLS policies, or authentication session state. @ webpack-internal:///(app-pages-browser)/./node_modules/next/dist/next-devtools/userspace/app/errors/intercept-console-error.js:56
[ 4997811ms] [ERROR] Failed to load resource: the server responded with a status of 400 () @ https://ixqrijxdedtbxondzytn.supabase.co/rest/v1/tasks?select=id%2Ctitle%2Cfull_title%2Cpriority%2Creminder_time%2Cdue_time%2Cdue_date&user_id=eq.5e1d3715-4f0c-4473-99e6-1a00220be6d9&completed=eq.false&notification_sent=eq.false&or=%28reminder_time.lte.%222026-08-08T16%3A04%3A47.237Z%22%2Cand%28due_date.eq.%222026-08-08%22%2Cdue_time.lte.%2221%3A34%22%29%29:0
[ 4997812ms] [ERROR] Operation: SELECT tasks @ webpack-internal:///(app-pages-browser)/./node_modules/next/dist/next-devtools/userspace/app/errors/intercept-console-error.js:56
[ 4997812ms] [ERROR] Payload: null @ webpack-internal:///(app-pages-browser)/./node_modules/next/dist/next-devtools/userspace/app/errors/intercept-console-error.js:56
[ 4997812ms] [ERROR] Error: <HTTP 400> @ webpack-internal:///(app-pages-browser)/./node_modules/next/dist/next-devtools/userspace/app/errors/intercept-console-error.js:56
[ 4997812ms] [ERROR] HTTP Status: 400 @ webpack-internal:///(app-pages-browser)/./node_modules/next/dist/next-devtools/userspace/app/errors/intercept-console-error.js:56
[ 4997812ms] [ERROR] Supabase Error: <HTTP 400> @ webpack-internal:///(app-pages-browser)/./node_modules/next/dist/next-devtools/userspace/app/errors/intercept-console-error.js:56
[ 4997812ms] [ERROR] Suggested Root Cause: Check payload structure, RLS policies, or authentication session state. @ webpack-internal:///(app-pages-browser)/./node_modules/next/dist/next-devtools/userspace/app/errors/intercept-console-error.js:56
[ 5057751ms] [ERROR] Failed to load resource: the server responded with a status of 400 () @ https://ixqrijxdedtbxondzytn.supabase.co/rest/v1/tasks?select=id%2Ctitle%2Cfull_title%2Cpriority%2Creminder_time%2Cdue_time%2Cdue_date&user_id=eq.5e1d3715-4f0c-4473-99e6-1a00220be6d9&completed=eq.false&notification_sent=eq.false&or=%28reminder_time.lte.%222026-08-08T16%3A05%3A47.247Z%22%2Cand%28due_date.eq.%222026-08-08%22%2Cdue_time.lte.%2221%3A35%22%29%29:0
[ 5057752ms] [ERROR] Operation: SELECT tasks @ webpack-internal:///(app-pages-browser)/./node_modules/next/dist/next-devtools/userspace/app/errors/intercept-console-error.js:56
[ 5057752ms] [ERROR] Payload: null @ webpack-internal:///(app-pages-browser)/./node_modules/next/dist/next-devtools/userspace/app/errors/intercept-console-error.js:56
[ 5057752ms] [ERROR] Error: <HTTP 400> @ webpack-internal:///(app-pages-browser)/./node_modules/next/dist/next-devtools/userspace/app/errors/intercept-console-error.js:56
[ 5057752ms] [ERROR] HTTP Status: 400 @ webpack-internal:///(app-pages-browser)/./node_modules/next/dist/next-devtools/userspace/app/errors/intercept-console-error.js:56
[ 5057752ms] [ERROR] Supabase Error: <HTTP 400> @ webpack-internal:///(app-pages-browser)/./node_modules/next/dist/next-devtools/userspace/app/errors/intercept-console-error.js:56
[ 5057753ms] [ERROR] Suggested Root Cause: Check payload structure, RLS policies, or authentication session state. @ webpack-internal:///(app-pages-browser)/./node_modules/next/dist/next-devtools/userspace/app/errors/intercept-console-error.js:56
[ 5666917ms] [LOG] [Fast Refresh] rebuilding @ webpack-internal:///(app-pages-browser)/./node_modules/next/dist/client/dev/hot-reloader/app/hot-reloader-app.js:196
[ 5667855ms] [LOG] [Fast Refresh] done in 937ms @ webpack-internal:///(app-pages-browser)/./node_modules/next/dist/client/dev/report-hmr-latency.js:13
[ 5685873ms] [LOG] [Fast Refresh] rebuilding @ webpack-internal:///(app-pages-browser)/./node_modules/next/dist/client/dev/hot-reloader/app/hot-reloader-app.js:196
[ 5686418ms] [LOG] [Fast Refresh] done in 546ms @ webpack-internal:///(app-pages-browser)/./node_modules/next/dist/client/dev/report-hmr-latency.js:13
[ 5715259ms] [LOG] [Fast Refresh] rebuilding @ webpack-internal:///(app-pages-browser)/./node_modules/next/dist/client/dev/hot-reloader/app/hot-reloader-app.js:196
[ 5715799ms] [LOG] [Fast Refresh] rebuilding @ webpack-internal:///(app-pages-browser)/./node_modules/next/dist/client/dev/hot-reloader/app/hot-reloader-app.js:196
[ 5715823ms] [LOG] [Fast Refresh] done in 25ms @ webpack-internal:///(app-pages-browser)/./node_modules/next/dist/client/dev/report-hmr-latency.js:13
[ 5718306ms] [LOG] [Fast Refresh] done in 2507ms @ webpack-internal:///(app-pages-browser)/./node_modules/next/dist/client/dev/report-hmr-latency.js:13
[ 5735905ms] [LOG] [Fast Refresh] rebuilding @ webpack-internal:///(app-pages-browser)/./node_modules/next/dist/client/dev/hot-reloader/app/hot-reloader-app.js:196
[ 5736912ms] [LOG] [Fast Refresh] done in 1006ms @ webpack-internal:///(app-pages-browser)/./node_modules/next/dist/client/dev/report-hmr-latency.js:13
[ 5756509ms] [LOG] [Fast Refresh] rebuilding @ webpack-internal:///(app-pages-browser)/./node_modules/next/dist/client/dev/hot-reloader/app/hot-reloader-app.js:196
[ 5757471ms] [LOG] [Fast Refresh] done in 963ms @ webpack-internal:///(app-pages-browser)/./node_modules/next/dist/client/dev/report-hmr-latency.js:13
[ 5773960ms] [LOG] [Fast Refresh] rebuilding @ webpack-internal:///(app-pages-browser)/./node_modules/next/dist/client/dev/hot-reloader/app/hot-reloader-app.js:196
[ 5775071ms] [LOG] [Fast Refresh] done in 1110ms @ webpack-internal:///(app-pages-browser)/./node_modules/next/dist/client/dev/report-hmr-latency.js:13
[ 5802730ms] [LOG] [Fast Refresh] rebuilding @ webpack-internal:///(app-pages-browser)/./node_modules/next/dist/client/dev/hot-reloader/app/hot-reloader-app.js:196
[ 5803474ms] [LOG] [Fast Refresh] done in 743ms @ webpack-internal:///(app-pages-browser)/./node_modules/next/dist/client/dev/report-hmr-latency.js:13
[ 5870738ms] [LOG] [Fast Refresh] rebuilding @ webpack-internal:///(app-pages-browser)/./node_modules/next/dist/client/dev/hot-reloader/app/hot-reloader-app.js:196
[ 5871974ms] [LOG] [Fast Refresh] done in 1237ms @ webpack-internal:///(app-pages-browser)/./node_modules/next/dist/client/dev/report-hmr-latency.js:13
[ 5946673ms] [LOG] [Fast Refresh] rebuilding @ webpack-internal:///(app-pages-browser)/./node_modules/next/dist/client/dev/hot-reloader/app/hot-reloader-app.js:196
[ 5947577ms] [LOG] [Fast Refresh] done in 904ms @ webpack-internal:///(app-pages-browser)/./node_modules/next/dist/client/dev/report-hmr-latency.js:13
[ 5948336ms] [LOG] [Fast Refresh] rebuilding @ webpack-internal:///(app-pages-browser)/./node_modules/next/dist/client/dev/hot-reloader/app/hot-reloader-app.js:196
[ 5950556ms] [LOG] [Fast Refresh] done in 2220ms @ webpack-internal:///(app-pages-browser)/./node_modules/next/dist/client/dev/report-hmr-latency.js:13
[ 5955561ms] [ERROR] Failed to load resource: the server responded with a status of 500 (Internal Server Error) @ http://localhost:4028/dashboard?_rsc=OgyiEg4K7PT6Wfsf:0
[ 5957282ms] [ERROR] Failed to load resource: the server responded with a status of 500 (Internal Server Error) @ http://localhost:4028/dashboard?_rsc=OgyiEg4K7PT6Wfsf:0
[ 5957483ms] [ERROR] Failed to load resource: the server responded with a status of 500 (Internal Server Error) @ http://localhost:4028/dashboard?_rsc=OgyiEg4K7PT6Wfsf:0
[ 5957719ms] [ERROR] Failed to load resource: the server responded with a status of 500 (Internal Server Error) @ http://localhost:4028/dashboard:0
[ 5957749ms] [ERROR] Failed to load resource: the server responded with a status of 404 (Not Found) @ http://localhost:4028/favicon.ico:0
[ 6237767ms] [ERROR] Failed to load resource: the server responded with a status of 500 (Internal Server Error) @ http://localhost:4028/dashboard:0
[ 6237863ms] Error: Minified React error #418; visit https://react.dev/errors/418?args[]= for the full message or use the non-minified dev environment for full errors and additional helpful warnings.
    at rv (http://localhost:4028/_next/static/chunks/framework-3123d6fdb919dfbe.js:1:30597)
    at ot (http://localhost:4028/_next/static/chunks/framework-3123d6fdb919dfbe.js:1:75231)
    at ua (http://localhost:4028/_next/static/chunks/framework-3123d6fdb919dfbe.js:1:111858)
    at http://localhost:4028/_next/static/chunks/framework-3123d6fdb919dfbe.js:1:111703
    at ul (http://localhost:4028/_next/static/chunks/framework-3123d6fdb919dfbe.js:1:111711)
    at i3 (http://localhost:4028/_next/static/chunks/framework-3123d6fdb919dfbe.js:1:108072)
    at uT (http://localhost:4028/_next/static/chunks/framework-3123d6fdb919dfbe.js:1:128674)
    at MessagePort.z (http://localhost:4028/_next/static/chunks/framework-3123d6fdb919dfbe.js:1:175705)
